{"stats":{"minecraft:picked_up":{"minecraft:crafting_table":2,"minecraft:wheat":46,"minecraft:leather_chestplate":1,"minecraft:feather":4,"minecraft:tripwire_hook":1,"minecraft:leather_leggings":1,"minecraft:leather":1,"minecraft:wooden_pickaxe":1,"minecraft:potion":1,"minecraft:dirt":2,"minecraft:paper":12,"minecraft:leather_boots":2,"minecraft:armor_stand":2,"minecraft:bone":2,"minecraft:cyan_carpet":1,"mowziesmobs:umvuthana_mask_rage":1,"minecraft:sea_pickle":3,"minecraft:wheat_seeds":122,"mowziesmobs:umvuthana_mask_misery":1,"minecraft:book":117,"minecraft:stick":5,"minecraft:stone_button":4,"minecraft:spruce_sapling":2,"minecraft:blast_furnace":3,"tombstone:grave_dust":2,"minecraft:white_bed":2,"minecraft:spruce_log":9,"minecraft:carrot":1,"alexsmobs:animal_dictionary":1,"minecraft:leather_helmet":2,"minecraft:arrow":1,"minecraft:rotten_flesh":2,"minecraft:spruce_boat":1,"mowziesmobs:umvuthana_mask_fear":1,"minecraft:mutton":3,"minecraft:coal":19,"minecraft:white_wool":2,"minecraft:cobblestone":7},"minecraft:used":{"minecraft:beetroot":1,"mowziesmobs:umvuthana_mask_fear":1,"minecraft:stone_pickaxe":26,"minecraft:wooden_pickaxe":8,"minecraft:crafting_table":2,"minecraft:mushroom_stew":1,"minecraft:carrot":3,"minecraft:white_bed":2,"minecraft:spruce_boat":2,"minecraft:apple":2,"minecraft:bread":4,"minecraft:stone_axe":77,"mowziesmobs:umvuthana_mask_rage":1,"mowziesmobs:umvuthana_mask_fury":1,"tombstone:gift":1,"alexsmobs:animal_dictionary":1},"minecraft:mined":{"minecraft:white_bed":2,"minecraft:crafting_table":2,"minecraft:blast_furnace":3,"minecraft:grass_block":2,"placeablesmod:carrot_block_1":1,"minecraft:campfire":1,"minecraft:tall_grass":1,"minecraft:spruce_leaves":3,"minecraft:spawner":2,"minecraft:large_fern":2,"minecraft:sea_pickle":1,"minecraft:wheat":47,"minecraft:fire":5,"minecraft:spruce_log":9,"minecraft:bookshelf":39,"minecraft:coal_ore":19,"minecraft:cyan_carpet":1,"minecraft:tripwire_hook":1,"minecraft:stone":7},"minecraft:dropped":{"minecraft:wheat_seeds":121,"alexsmobs:animal_dictionary":1,"minecraft:stone_button":4,"minecraft:wooden_pickaxe":1,"mowziesmobs:umvuthana_mask_fury":2},"minecraft:custom":{"minecraft:mob_kills":7,"minecraft:interact_with_crafting_table":3,"minecraft:open_barrel":6,"minecraft:leave_game":2,"minecraft:time_since_death":2661,"minecraft:sleep_in_bed":1,"minecraft:climb_one_cm":1867,"minecraft:time_since_rest":2447,"minecraft:sprint_one_cm":104213,"minecraft:damage_taken":847,"minecraft:walk_one_cm":99208,"minecraft:drop":8,"minecraft:damage_dealt":1146,"minecraft:swim_one_cm":5601,"minecraft:talked_to_villager":1,"minecraft:fly_one_cm":99045,"minecraft:open_chest":14,"minecraft:crouch_one_cm":3284,"minecraft:play_time":33003,"tombstone:undead_killed":3,"minecraft:deaths":2,"minecraft:sneak_time":989,"minecraft:walk_under_water_one_cm":437,"minecraft:boat_one_cm":181321,"minecraft:jump":494,"minecraft:interact_with_blast_furnace":1,"minecraft:walk_on_water_one_cm":3501,"minecraft:total_world_time":33003,"minecraft:fall_one_cm":11586},"minecraft:crafted":{"minecraft:crafting_table":1,"minecraft:spruce_planks":36,"minecraft:wooden_pickaxe":1,"minecraft:stone_axe":1,"minecraft:stick":8,"minecraft:stone_pickaxe":1,"minecraft:spruce_boat":1},"minecraft:killed":{"minecraft:horse":1,"minecraft:sheep":2,"minecraft:skeleton":1,"minecraft:zombie":2,"mowziesmobs:umvuthana":1},"minecraft:killed_by":{"mowziesmobs:umvuthana":1,"iceandfire:fire_dragon":1}},"DataVersion":3465}