{"stats":{"minecraft:picked_up":{"minecraft:book":93,"minecraft:crafting_table":2,"minecraft:stick":5,"minecraft:leather_chestplate":1,"minecraft:tripwire_hook":1,"minecraft:leather_leggings":1,"minecraft:wooden_pickaxe":1,"minecraft:potion":1,"minecraft:carrot":1,"minecraft:spruce_sapling":2,"tombstone:grave_dust":2,"minecraft:blast_furnace":3,"minecraft:white_bed":1,"minecraft:spruce_log":9,"minecraft:leather_helmet":2,"minecraft:dirt":2,"alexsmobs:animal_dictionary":1,"minecraft:leather_boots":2,"minecraft:armor_stand":2,"minecraft:bone":2,"minecraft:arrow":1,"minecraft:cyan_carpet":1,"minecraft:rotten_flesh":2,"minecraft:sea_pickle":3,"minecraft:spruce_boat":1,"minecraft:wheat_seeds":2,"minecraft:mutton":3,"minecraft:coal":19,"minecraft:white_wool":2,"minecraft:cobblestone":7},"minecraft:used":{"minecraft:spruce_boat":1,"minecraft:stone_pickaxe":26,"minecraft:wooden_pickaxe":8,"minecraft:stone_axe":62,"minecraft:crafting_table":2,"minecraft:mushroom_stew":1,"alexsmobs:animal_dictionary":1,"minecraft:carrot":3,"minecraft:beetroot":1},"minecraft:mined":{"minecraft:large_fern":2,"minecraft:white_bed":1,"minecraft:sea_pickle":1,"minecraft:fire":4,"minecraft:spruce_log":9,"minecraft:crafting_table":2,"minecraft:blast_furnace":3,"minecraft:bookshelf":31,"minecraft:grass_block":2,"minecraft:coal_ore":19,"placeablesmod:carrot_block_1":1,"minecraft:campfire":1,"minecraft:cyan_carpet":1,"minecraft:spruce_leaves":3,"minecraft:tripwire_hook":1,"minecraft:stone":7,"minecraft:spawner":2},"minecraft:dropped":{"minecraft:wheat_seeds":1,"alexsmobs:animal_dictionary":1,"minecraft:wooden_pickaxe":1},"minecraft:custom":{"minecraft:time_since_rest":21003,"minecraft:sprint_one_cm":54284,"minecraft:damage_taken":215,"minecraft:walk_one_cm":70730,"minecraft:mob_kills":5,"minecraft:drop":3,"minecraft:damage_dealt":631,"minecraft:talked_to_villager":1,"minecraft:interact_with_crafting_table":3,"minecraft:fly_one_cm":33139,"minecraft:open_barrel":5,"minecraft:open_chest":6,"minecraft:crouch_one_cm":3154,"minecraft:play_time":21003,"tombstone:undead_killed":3,"minecraft:sneak_time":966,"minecraft:boat_one_cm":102285,"minecraft:jump":203,"minecraft:leave_game":2,"minecraft:interact_with_blast_furnace":1,"minecraft:time_since_death":21003,"minecraft:walk_on_water_one_cm":113,"minecraft:climb_one_cm":1867,"minecraft:total_world_time":21003,"minecraft:fall_one_cm":3776},"minecraft:crafted":{"minecraft:crafting_table":1,"minecraft:spruce_planks":36,"minecraft:stick":8,"minecraft:wooden_pickaxe":1,"minecraft:stone_pickaxe":1,"minecraft:spruce_boat":1,"minecraft:stone_axe":1},"minecraft:killed":{"minecraft:sheep":2,"minecraft:skeleton":1,"minecraft:zombie":2}},"DataVersion":3465}