{"stats":{"minecraft:broken":{"minecraft:stone_axe":1},"minecraft:picked_up":{"born_in_chaos_v1:corpse_maggot":1,"minecraft:crafting_table":3,"minecraft:wheat":82,"minecraft:leather_chestplate":2,"minecraft:feather":4,"minecraft:tripwire_hook":1,"minecraft:leather_leggings":1,"minecraft:leather":6,"minecraft:wooden_pickaxe":1,"minecraft:potion":1,"iceandfire:ectoplasm":3,"minecraft:dark_oak_trapdoor":1,"minecraft:string":11,"minecraft:dirt":2,"minecraft:paper":12,"minecraft:iron_leggings":1,"minecraft:red_nether_bricks":1,"minecraft:leather_boots":2,"minecraft:armor_stand":3,"minecraft:bone":5,"minecraft:cyan_carpet":1,"minecraft:apple":13,"minecraft:gray_carpet":1,"mowziesmobs:umvuthana_mask_rage":2,"minecraft:sea_pickle":3,"minecraft:wheat_seeds":250,"minecraft:beef":2,"minecraft:cobblestone_slab":1,"minecraft:smooth_quartz_stairs":2,"mowziesmobs:umvuthana_mask_misery":2,"minecraft:book":129,"minecraft:stick":5,"iceandfire:ghost_chest":1,"minecraft:cooked_porkchop":1,"minecraft:stone_button":4,"minecraft:spruce_sapling":2,"minecraft:blast_furnace":3,"tombstone:grave_dust":5,"minecraft:white_bed":4,"minecraft:spruce_log":9,"minecraft:carrot":1,"alexsmobs:animal_dictionary":1,"minecraft:leather_helmet":2,"minecraft:arrow":2,"minecraft:rotten_flesh":14,"minecraft:spruce_boat":1,"minecraft:hay_block":6,"mowziesmobs:umvuthana_mask_fear":1,"alexsmobs:maggot":2,"minecraft:damaged_anvil":1,"minecraft:mutton":3,"minecraft:coal":19,"minecraft:white_wool":2,"minecraft:cobblestone":7},"minecraft:used":{"minecraft:beetroot":1,"mowziesmobs:umvuthana_mask_fear":1,"minecraft:armor_stand":1,"minecraft:stone_pickaxe":34,"minecraft:spruce_planks":4,"minecraft:wooden_pickaxe":8,"minecraft:white_wool":2,"minecraft:crafting_table":5,"minecraft:mushroom_stew":1,"minecraft:carrot":22,"minecraft:white_bed":3,"born_in_chaos_v1:corpse_maggot":1,"minecraft:spruce_boat":2,"minecraft:apple":2,"minecraft:iron_axe":47,"minecraft:bread":11,"iceandfire:ghost_chest":1,"minecraft:stone_axe":98,"mowziesmobs:umvuthana_mask_rage":1,"minecraft:potion":1,"minecraft:cooked_porkchop":1,"mowziesmobs:umvuthana_mask_fury":1,"minecraft:bucket":1,"tombstone:gift":1,"alexsmobs:animal_dictionary":2},"minecraft:mined":{"minecraft:white_bed":4,"minecraft:red_nether_bricks":1,"minecraft:crafting_table":3,"minecraft:blast_furnace":3,"minecraft:grass_block":2,"iceandfire:ghost_chest":1,"placeablesmod:carrot_block_1":1,"minecraft:campfire":1,"luminousworld:grassvariant_2":1,"minecraft:tall_grass":2,"minecraft:spruce_leaves":3,"minecraft:damaged_anvil":1,"minecraft:hay_block":6,"minecraft:spawner":5,"minecraft:large_fern":2,"minecraft:dark_oak_trapdoor":1,"minecraft:sea_pickle":1,"minecraft:wheat":47,"minecraft:fire":5,"minecraft:spruce_log":9,"minecraft:cobblestone_slab":1,"minecraft:vine":1,"minecraft:bookshelf":43,"minecraft:coal_ore":19,"minecraft:cyan_carpet":1,"minecraft:smooth_quartz_stairs":2,"minecraft:tripwire_hook":1,"minecraft:stone":7},"minecraft:custom":{"minecraft:mob_kills":16,"minecraft:interact_with_crafting_table":10,"minecraft:open_barrel":10,"minecraft:eat_cake_slice":3,"minecraft:leave_game":2,"minecraft:time_since_death":10484,"minecraft:sleep_in_bed":2,"minecraft:climb_one_cm":6197,"minecraft:time_since_rest":10186,"minecraft:sprint_one_cm":220293,"minecraft:damage_taken":2876,"minecraft:walk_one_cm":196332,"minecraft:trigger_trapped_chest":1,"minecraft:drop":16,"minecraft:damage_dealt":3840,"minecraft:swim_one_cm":7997,"minecraft:talked_to_villager":1,"minecraft:fly_one_cm":221009,"minecraft:open_chest":21,"minecraft:crouch_one_cm":5925,"minecraft:play_time":57003,"tombstone:undead_killed":10,"minecraft:deaths":6,"minecraft:sneak_time":1698,"minecraft:walk_under_water_one_cm":1290,"minecraft:boat_one_cm":181321,"minecraft:jump":1029,"minecraft:interact_with_blast_furnace":7,"minecraft:walk_on_water_one_cm":9852,"minecraft:total_world_time":57003,"minecraft:fall_one_cm":31575},"minecraft:dropped":{"mowziesmobs:umvuthana_mask_rage":1,"minecraft:wheat_seeds":185,"alexsmobs:animal_dictionary":1,"minecraft:glass_bottle":1,"minecraft:wheat":1,"minecraft:rotten_flesh":2,"minecraft:stone_button":4,"mowziesmobs:umvuthana_mask_misery":1,"tombstone:grave_dust":3,"minecraft:wooden_pickaxe":1,"minecraft:gray_carpet":1,"mowziesmobs:umvuthana_mask_fury":2},"minecraft:crafted":{"sophisticatedbackpacks:backpack":1,"minecraft:crafting_table":2,"minecraft:spruce_planks":36,"minecraft:wooden_pickaxe":1,"sophisticatedbackpacks:gold_backpack":1,"minecraft:bucket":1,"minecraft:stone_axe":1,"minecraft:bread":33,"minecraft:iron_chestplate":1,"minecraft:iron_axe":1,"minecraft:stick":8,"minecraft:stone_pickaxe":1,"minecraft:spruce_boat":1,"quark:spruce_chest":1,"sophisticatedbackpacks:iron_backpack":1,"minecraft:wheat":54},"minecraft:killed":{"minecraft:husk":1,"undead_revamp2:thebeartamer":1,"minecraft:horse":1,"minecraft:sheep":2,"minecraft:skeleton":5,"minecraft:zombie":2,"iceandfire:ghost":1,"alexsmobs:fly":1,"earthmobsmod:albino_cow":1,"mowziesmobs:umvuthana":1},"minecraft:killed_by":{"minecraft:husk":2,"minecraft:player":1,"mowziesmobs:umvuthana":1,"minecraft:skeleton":1,"iceandfire:fire_dragon":1}},"DataVersion":3465}