{"stats":{"minecraft:picked_up":{"minecraft:spruce_log":6,"alexsmobs:animal_dictionary":1},"minecraft:used":{"alexsmobs:animal_dictionary":1},"minecraft:mined":{"minecraft:spruce_leaves":3,"minecraft:spruce_log":6},"minecraft:dropped":{"alexsmobs:animal_dictionary":1},"minecraft:custom":{"minecraft:jump":37,"minecraft:time_since_rest":3360,"minecraft:sprint_one_cm":3159,"minecraft:play_time":3360,"minecraft:time_since_death":3360,"minecraft:walk_one_cm":3116,"minecraft:total_world_time":3360,"minecraft:drop":1,"minecraft:fall_one_cm":476,"minecraft:fly_one_cm":4676}},"DataVersion":3465}