{"stats":{"minecraft:picked_up":{"minecraft:book":81,"minecraft:crafting_table":2,"minecraft:stick":5,"minecraft:tripwire_hook":1,"minecraft:wooden_pickaxe":1,"minecraft:potion":1,"minecraft:spruce_sapling":2,"tombstone:grave_dust":2,"minecraft:blast_furnace":3,"minecraft:spruce_log":9,"minecraft:dirt":2,"alexsmobs:animal_dictionary":1,"minecraft:bone":2,"minecraft:arrow":1,"minecraft:cyan_carpet":1,"minecraft:rotten_flesh":1,"minecraft:sea_pickle":3,"minecraft:spruce_boat":1,"minecraft:wheat_seeds":1,"minecraft:mutton":3,"minecraft:coal":19,"minecraft:white_wool":2,"minecraft:cobblestone":7},"minecraft:used":{"minecraft:spruce_boat":1,"minecraft:stone_pickaxe":26,"minecraft:wooden_pickaxe":8,"minecraft:stone_axe":51,"minecraft:crafting_table":2,"minecraft:mushroom_stew":1,"alexsmobs:animal_dictionary":1,"minecraft:carrot":2,"minecraft:beetroot":1},"minecraft:mined":{"minecraft:large_fern":2,"minecraft:sea_pickle":1,"minecraft:fire":4,"minecraft:spruce_log":9,"minecraft:crafting_table":2,"minecraft:blast_furnace":3,"minecraft:bookshelf":27,"minecraft:grass_block":2,"minecraft:coal_ore":19,"minecraft:cyan_carpet":1,"minecraft:spruce_leaves":3,"minecraft:tripwire_hook":1,"minecraft:stone":7,"minecraft:spawner":2},"minecraft:dropped":{"alexsmobs:animal_dictionary":1,"minecraft:wooden_pickaxe":1},"minecraft:custom":{"minecraft:time_since_rest":17883,"minecraft:sprint_one_cm":34613,"minecraft:damage_taken":195,"minecraft:walk_one_cm":63699,"minecraft:mob_kills":5,"minecraft:drop":2,"minecraft:damage_dealt":631,"minecraft:interact_with_crafting_table":3,"minecraft:fly_one_cm":17961,"minecraft:open_barrel":4,"minecraft:open_chest":3,"minecraft:crouch_one_cm":1953,"minecraft:play_time":17883,"tombstone:undead_killed":3,"minecraft:sneak_time":586,"minecraft:boat_one_cm":102285,"minecraft:jump":145,"minecraft:leave_game":2,"minecraft:interact_with_blast_furnace":1,"minecraft:time_since_death":17883,"minecraft:walk_on_water_one_cm":113,"minecraft:total_world_time":17883,"minecraft:fall_one_cm":1999},"minecraft:crafted":{"minecraft:crafting_table":1,"minecraft:spruce_planks":36,"minecraft:stick":8,"minecraft:wooden_pickaxe":1,"minecraft:stone_pickaxe":1,"minecraft:spruce_boat":1,"minecraft:stone_axe":1},"minecraft:killed":{"minecraft:sheep":2,"minecraft:skeleton":1,"minecraft:zombie":2}},"DataVersion":3465}