{"stats":{"minecraft:broken":{"minecraft:stone_axe":1},"minecraft:picked_up":{"born_in_chaos_v1:corpse_maggot":1,"minecraft:crafting_table":2,"minecraft:wheat":82,"minecraft:leather_chestplate":1,"minecraft:feather":4,"minecraft:tripwire_hook":1,"minecraft:leather_leggings":1,"minecraft:leather":1,"minecraft:wooden_pickaxe":1,"minecraft:potion":1,"minecraft:string":7,"minecraft:dirt":2,"minecraft:paper":12,"minecraft:leather_boots":2,"minecraft:armor_stand":2,"minecraft:bone":5,"minecraft:cyan_carpet":1,"minecraft:apple":13,"minecraft:gray_carpet":1,"mowziesmobs:umvuthana_mask_rage":2,"minecraft:sea_pickle":3,"minecraft:wheat_seeds":250,"mowziesmobs:umvuthana_mask_misery":2,"minecraft:book":129,"minecraft:stick":5,"minecraft:cooked_porkchop":1,"minecraft:stone_button":4,"minecraft:spruce_sapling":2,"minecraft:blast_furnace":3,"tombstone:grave_dust":5,"minecraft:white_bed":3,"minecraft:spruce_log":9,"minecraft:carrot":1,"alexsmobs:animal_dictionary":1,"minecraft:leather_helmet":2,"minecraft:arrow":2,"minecraft:rotten_flesh":12,"minecraft:spruce_boat":1,"minecraft:hay_block":6,"mowziesmobs:umvuthana_mask_fear":1,"minecraft:damaged_anvil":1,"minecraft:mutton":3,"minecraft:coal":19,"minecraft:white_wool":2,"minecraft:cobblestone":7},"minecraft:used":{"minecraft:beetroot":1,"mowziesmobs:umvuthana_mask_fear":1,"minecraft:stone_pickaxe":29,"minecraft:wooden_pickaxe":8,"minecraft:crafting_table":3,"minecraft:mushroom_stew":1,"minecraft:carrot":7,"minecraft:white_bed":2,"born_in_chaos_v1:corpse_maggot":1,"minecraft:spruce_boat":2,"minecraft:apple":2,"minecraft:iron_axe":27,"minecraft:bread":11,"minecraft:stone_axe":98,"mowziesmobs:umvuthana_mask_rage":1,"minecraft:potion":1,"minecraft:cooked_porkchop":1,"mowziesmobs:umvuthana_mask_fury":1,"tombstone:gift":1,"alexsmobs:animal_dictionary":2},"minecraft:mined":{"minecraft:white_bed":3,"minecraft:crafting_table":2,"minecraft:blast_furnace":3,"minecraft:grass_block":2,"placeablesmod:carrot_block_1":1,"minecraft:campfire":1,"minecraft:tall_grass":1,"minecraft:spruce_leaves":3,"minecraft:damaged_anvil":1,"minecraft:hay_block":6,"minecraft:spawner":4,"minecraft:large_fern":2,"minecraft:sea_pickle":1,"minecraft:wheat":47,"minecraft:fire":5,"minecraft:spruce_log":9,"minecraft:bookshelf":43,"minecraft:coal_ore":19,"minecraft:cyan_carpet":1,"minecraft:tripwire_hook":1,"minecraft:stone":7},"minecraft:custom":{"minecraft:mob_kills":12,"minecraft:interact_with_crafting_table":7,"minecraft:open_barrel":9,"minecraft:eat_cake_slice":3,"minecraft:leave_game":2,"minecraft:time_since_death":951,"minecraft:sleep_in_bed":1,"minecraft:climb_one_cm":6197,"minecraft:time_since_rest":61,"minecraft:sprint_one_cm":167314,"minecraft:damage_taken":2279,"minecraft:walk_one_cm":161121,"minecraft:drop":14,"minecraft:damage_dealt":2990,"minecraft:swim_one_cm":7465,"minecraft:talked_to_villager":1,"minecraft:fly_one_cm":127157,"minecraft:open_chest":18,"minecraft:crouch_one_cm":3315,"minecraft:play_time":45003,"tombstone:undead_killed":8,"minecraft:deaths":5,"minecraft:sneak_time":993,"minecraft:walk_under_water_one_cm":569,"minecraft:boat_one_cm":181321,"minecraft:jump":646,"minecraft:interact_with_blast_furnace":7,"minecraft:walk_on_water_one_cm":7641,"minecraft:total_world_time":45003,"minecraft:fall_one_cm":12880},"minecraft:dropped":{"mowziesmobs:umvuthana_mask_rage":1,"minecraft:wheat_seeds":185,"alexsmobs:animal_dictionary":1,"minecraft:wheat":1,"minecraft:stone_button":4,"mowziesmobs:umvuthana_mask_misery":1,"tombstone:grave_dust":3,"minecraft:wooden_pickaxe":1,"minecraft:gray_carpet":1,"mowziesmobs:umvuthana_mask_fury":2},"minecraft:crafted":{"minecraft:crafting_table":1,"minecraft:spruce_planks":36,"minecraft:wooden_pickaxe":1,"minecraft:stone_axe":1,"minecraft:bread":33,"minecraft:iron_chestplate":1,"minecraft:iron_axe":1,"minecraft:stick":8,"minecraft:stone_pickaxe":1,"minecraft:spruce_boat":1,"minecraft:wheat":54},"minecraft:killed":{"minecraft:husk":1,"minecraft:horse":1,"minecraft:sheep":2,"minecraft:skeleton":5,"minecraft:zombie":2,"mowziesmobs:umvuthana":1},"minecraft:killed_by":{"minecraft:husk":1,"minecraft:player":1,"mowziesmobs:umvuthana":1,"minecraft:skeleton":1,"iceandfire:fire_dragon":1}},"DataVersion":3465}