{"stats":{"minecraft:broken":{"minecraft:stone_axe":1},"minecraft:picked_up":{"minecraft:crafting_table":6,"minecraft:wheat":85,"minecraft:chicken":1,"minecraft:leather_leggings":1,"minecraft:wooden_pickaxe":1,"minecraft:potion":1,"minecraft:string":15,"minecraft:dark_oak_trapdoor":1,"minecraft:red_nether_bricks":1,"minecraft:iron_leggings":1,"minecraft:armor_stand":3,"minecraft:cyan_carpet":1,"minecraft:sea_pickle":3,"minecraft:gold_nugget":492,"minecraft:beef":9,"minecraft:cobblestone_slab":1,"minecraft:smooth_quartz_stairs":2,"minecraft:furnace":1,"minecraft:raw_iron":2,"minecraft:stick":5,"iceandfire:ghost_chest":2,"ecologics:walnut_log":5,"minecraft:stone_button":4,"tombstone:grave_dust":7,"minecraft:carrot":1,"minecraft:rotten_flesh":17,"minecraft:arrow":2,"minecraft:hay_block":6,"supplementaries:ash":2,"minecraft:mutton":3,"undead_revamp2:arapholia":1,"minecraft:cobblestone":7,"minecraft:white_wool":2,"born_in_chaos_v1:corpse_maggot":1,"ecologics:walnut":1,"minecraft:leather_chestplate":2,"minecraft:feather":4,"minecraft:tripwire_hook":1,"minecraft:leather":6,"alexsmobs:bison_fur":1,"minecraft:oak_log":4,"iceandfire:ectoplasm":3,"minecraft:gunpowder":2,"minecraft:dirt":18,"minecraft:paper":12,"minecraft:leather_boots":2,"minecraft:bone":9,"minecraft:apple":13,"minecraft:gray_carpet":1,"mowziesmobs:umvuthana_mask_rage":2,"minecraft:wheat_seeds":252,"earthmobsmod:fancy_feather":1,"mowziesmobs:umvuthana_mask_misery":2,"minecraft:book":129,"minecraft:cooked_porkchop":1,"iceandfire:ash":3,"minecraft:spruce_sapling":2,"minecraft:blast_furnace":3,"minecraft:white_bed":6,"minecraft:spruce_log":9,"alexsmobs:animal_dictionary":1,"minecraft:leather_helmet":2,"minecraft:spruce_boat":1,"mowziesmobs:umvuthana_mask_fear":1,"alexsmobs:maggot":2,"minecraft:damaged_anvil":1,"minecraft:coal":22},"minecraft:used":{"minecraft:beetroot":1,"mowziesmobs:umvuthana_mask_fear":1,"minecraft:armor_stand":1,"minecraft:spruce_planks":4,"minecraft:dirt":5,"minecraft:carrot":22,"minecraft:spruce_boat":2,"born_in_chaos_v1:corpse_maggot":1,"alexsmobs:maggot":2,"minecraft:iron_axe":104,"iceandfire:ghost_chest":2,"mowziesmobs:umvuthana_mask_rage":1,"minecraft:furnace":1,"ecologics:walnut":1,"tombstone:gift":2,"minecraft:cooked_beef":2,"minecraft:stone_pickaxe":90,"minecraft:wooden_pickaxe":8,"minecraft:white_wool":2,"minecraft:crafting_table":7,"minecraft:mushroom_stew":1,"minecraft:white_bed":4,"minecraft:apple":2,"minecraft:chicken":1,"minecraft:bread":22,"minecraft:stone_axe":98,"minecraft:potion":1,"minecraft:cooked_porkchop":1,"mowziesmobs:umvuthana_mask_fury":1,"minecraft:bucket":1,"alexsmobs:animal_dictionary":2},"minecraft:mined":{"minecraft:white_bed":6,"minecraft:red_nether_bricks":1,"minecraft:grass_block":2,"placeablesmod:carrot_block_1":1,"luminousworld:grassvariant_2":1,"minecraft:spruce_leaves":3,"minecraft:spawner":5,"minecraft:large_fern":2,"minecraft:hay_block":6,"minecraft:dark_oak_trapdoor":1,"minecraft:iron_ore":2,"minecraft:fire":5,"iceandfire:gold_pile":48,"minecraft:bookshelf":43,"minecraft:cobblestone_slab":1,"minecraft:vine":2,"minecraft:smooth_quartz_stairs":2,"ecologics:walnut_log":5,"minecraft:stone":7,"minecraft:crafting_table":6,"minecraft:blast_furnace":3,"iceandfire:ghost_chest":2,"minecraft:campfire":1,"minecraft:tall_grass":3,"minecraft:damaged_anvil":1,"minecraft:sea_pickle":1,"minecraft:wheat":47,"minecraft:spruce_log":9,"iceandfire:ash":3,"minecraft:grass":3,"minecraft:oak_log":4,"minecraft:coal_ore":22,"minecraft:dirt":1,"minecraft:cyan_carpet":1,"minecraft:tripwire_hook":1},"minecraft:dropped":{"minecraft:wheat_seeds":187,"minecraft:glass_bottle":1,"minecraft:leather":2,"minecraft:coal":29,"minecraft:stone_button":4,"tombstone:grave_dust":3,"iceandfire:ash":3,"minecraft:gray_carpet":1,"mowziesmobs:umvuthana_mask_rage":1,"alexsmobs:animal_dictionary":1,"minecraft:wheat":1,"undead_revamp2:arapholia":1,"minecraft:rotten_flesh":5,"mowziesmobs:umvuthana_mask_misery":1,"minecraft:spruce_planks":4,"minecraft:stone_pickaxe":1,"minecraft:wooden_pickaxe":1,"mowziesmobs:umvuthana_mask_fury":2},"minecraft:custom":{"minecraft:mob_kills":24,"minecraft:interact_with_crafting_table":12,"minecraft:open_barrel":10,"minecraft:eat_cake_slice":3,"minecraft:leave_game":3,"minecraft:time_since_death":19399,"minecraft:climb_one_cm":6233,"minecraft:sprint_one_cm":349013,"minecraft:walk_one_cm":260781,"minecraft:drop":24,"minecraft:talked_to_villager":1,"minecraft:play_time":88847,"minecraft:deaths":8,"minecraft:sneak_time":2120,"minecraft:walk_under_water_one_cm":3663,"minecraft:boat_one_cm":181321,"minecraft:jump":1999,"minecraft:interact_with_blast_furnace":7,"minecraft:walk_on_water_one_cm":15250,"minecraft:total_world_time":88847,"minecraft:interact_with_furnace":11,"minecraft:sleep_in_bed":8,"minecraft:time_since_rest":13908,"minecraft:damage_taken":4151,"minecraft:trigger_trapped_chest":18,"minecraft:damage_dealt":6548,"minecraft:swim_one_cm":22664,"minecraft:fly_one_cm":483632,"minecraft:open_chest":35,"minecraft:crouch_one_cm":7121,"tombstone:undead_killed":15,"minecraft:fall_one_cm":60935},"minecraft:crafted":{"minecraft:oak_planks":16,"minecraft:iron_axe":1,"minecraft:stone_pickaxe":1,"minecraft:spruce_boat":1,"quark:spruce_chest":1,"sophisticatedbackpacks:iron_backpack":1,"minecraft:wheat":54,"minecraft:cooked_beef":2,"sophisticatedbackpacks:backpack":1,"minecraft:crafting_table":2,"minecraft:spruce_planks":36,"minecraft:wooden_pickaxe":1,"sophisticatedbackpacks:gold_backpack":1,"minecraft:bucket":1,"minecraft:stone_axe":1,"minecraft:bread":33,"minecraft:air":0,"minecraft:iron_chestplate":1,"minecraft:stick":8,"minecraft:iron_pickaxe":1,"minecraft:gold_ingot":56},"minecraft:killed":{"minecraft:horse":1,"minecraft:skeleton":6,"earthmobsmod:fancy_chicken":1,"alexsmobs:bison":1,"mowziesmobs:umvuthana":1,"earthmobsmod:albino_cow":1,"minecraft:husk":1,"undead_revamp2:thebeartamer":1,"minecraft:sheep":2,"minecraft:zombie":2,"iceandfire:ghost":5,"alexsmobs:fly":1},"minecraft:killed_by":{"minecraft:husk":2,"minecraft:player":1,"mowziesmobs:umvuthana":1,"minecraft:skeleton":1,"iceandfire:ghost":2,"iceandfire:fire_dragon":1}},"DataVersion":3465}