{"stats":{"minecraft:broken":{"minecraft:stone_axe":1},"minecraft:picked_up":{"minecraft:crafting_table":9,"minecraft:wheat":85,"minecraft:sandstone_slab":2,"minecraft:redstone_block":1,"minecraft:chicken":1,"minecraft:leather_leggings":2,"minecraft:wooden_pickaxe":1,"minecraft:gold_block":3,"minecraft:potion":1,"minecraft:shield":1,"minecraft:golden_sword":3,"minecraft:string":17,"minecraft:dark_oak_trapdoor":1,"minecraft:red_nether_bricks":1,"minecraft:iron_leggings":1,"minecraft:sticky_piston":6,"minecraft:armor_stand":3,"minecraft:cyan_carpet":1,"minecraft:sea_pickle":3,"minecraft:gold_nugget":680,"minecraft:beef":9,"minecraft:redstone_torch":1,"minecraft:cobblestone_slab":2,"minecraft:piston":2,"minecraft:smooth_quartz_stairs":2,"minecraft:sandstone":11,"minecraft:furnace":1,"minecraft:raw_iron":2,"minecraft:stick":5,"iceandfire:dragonbone":75,"iceandfire:ghost_chest":2,"minecraft:raw_gold_block":4,"ecologics:walnut_log":5,"iceandfire:deathworm_chitin_red":11,"minecraft:torch":1,"minecraft:sandstone_wall":1,"minecraft:stone_button":4,"tombstone:grave_dust":7,"minecraft:carrot":2,"minecraft:redstone":1,"minecraft:golden_chestplate":2,"minecraft:yellow_banner":1,"minecraft:tnt":18,"minecraft:rotten_flesh":58,"minecraft:arrow":2,"minecraft:hay_block":45,"minecraft:yellow_terracotta":2,"supplementaries:ash":2,"born_in_chaos_v1:trident_hayfork":1,"minecraft:mutton":3,"undead_revamp2:arapholia":1,"minecraft:cobblestone":7,"minecraft:white_wool":2,"ecologics:walnut_planks":1,"born_in_chaos_v1:corpse_maggot":3,"ecologics:walnut":1,"minecraft:leather_chestplate":2,"minecraft:feather":4,"minecraft:repeater":2,"minecraft:tripwire_hook":1,"minecraft:cut_sandstone":21,"minecraft:leather":8,"alexsmobs:bison_fur":1,"minecraft:smooth_sandstone_stairs":2,"minecraft:oak_log":4,"iceandfire:ectoplasm":3,"minecraft:gunpowder":4,"minecraft:dirt":20,"minecraft:paper":12,"minecraft:leather_boots":4,"minecraft:smooth_sandstone":3,"minecraft:bone":13,"minecraft:apple":13,"minecraft:gray_carpet":1,"mowziesmobs:umvuthana_mask_rage":2,"minecraft:wheat_seeds":252,"earthmobsmod:fancy_feather":1,"minecraft:iron_sword":1,"mowziesmobs:umvuthana_mask_misery":2,"minecraft:book":129,"minecraft:scaffolding":6,"minecraft:cooked_porkchop":1,"minecraft:sand":2,"iceandfire:ash":3,"iceandfire:dragon_skull_fire":2,"minecraft:spruce_sapling":2,"minecraft:blast_furnace":3,"minecraft:white_bed":6,"minecraft:spruce_log":9,"minecraft:chiseled_sandstone":2,"alexsmobs:animal_dictionary":1,"minecraft:leather_helmet":2,"minecraft:slime_ball":2,"minecraft:spruce_boat":1,"minecraft:chainmail_helmet":1,"mowziesmobs:umvuthana_mask_fear":1,"alexsmobs:maggot":2,"minecraft:damaged_anvil":1,"minecraft:coal":22},"minecraft:used":{"minecraft:beetroot":1,"mowziesmobs:umvuthana_mask_fear":1,"minecraft:armor_stand":1,"minecraft:spruce_planks":4,"minecraft:iron_sword":172,"minecraft:smooth_sandstone_stairs":2,"minecraft:sandstone_wall":1,"minecraft:torch":1,"minecraft:dirt":5,"minecraft:carrot":51,"minecraft:iron_hoe":28,"minecraft:spruce_boat":2,"born_in_chaos_v1:corpse_maggot":3,"alexsmobs:maggot":2,"minecraft:iron_axe":137,"minecraft:smooth_sandstone":1,"iceandfire:ghost_chest":2,"minecraft:golden_sword":2,"ecologics:walnut_planks":19,"mowziesmobs:umvuthana_mask_rage":1,"minecraft:scaffolding":1,"minecraft:furnace":1,"ecologics:walnut":1,"tombstone:gift":2,"minecraft:cooked_beef":2,"minecraft:stone_pickaxe":90,"minecraft:ender_pearl":1,"minecraft:wooden_pickaxe":8,"minecraft:sandstone":7,"minecraft:cut_sandstone":10,"minecraft:white_wool":2,"minecraft:yellow_terracotta":1,"minecraft:crafting_table":10,"minecraft:mushroom_stew":1,"minecraft:white_bed":5,"minecraft:wooden_hoe":2,"minecraft:apple":2,"minecraft:iron_pickaxe":111,"minecraft:chicken":1,"minecraft:bread":45,"minecraft:stone_axe":98,"minecraft:potion":1,"minecraft:cooked_porkchop":1,"mowziesmobs:umvuthana_mask_fury":1,"minecraft:sandstone_slab":1,"minecraft:bucket":1,"alexsmobs:animal_dictionary":2},"minecraft:mined":{"minecraft:yellow_terracotta":1,"minecraft:yellow_wall_banner":1,"minecraft:white_bed":6,"minecraft:red_nether_bricks":1,"minecraft:grass_block":2,"placeablesmod:carrot_block_1":1,"minecraft:redstone_wire":2,"luminousworld:grassvariant_2":1,"minecraft:spruce_leaves":3,"minecraft:sandstone":13,"minecraft:spawner":5,"minecraft:large_fern":2,"minecraft:hay_block":45,"minecraft:raw_gold_block":4,"minecraft:dark_oak_trapdoor":1,"minecraft:sticky_piston":6,"minecraft:iron_ore":2,"minecraft:fire":5,"minecraft:chiseled_sandstone":2,"minecraft:gold_block":3,"iceandfire:gold_pile":72,"minecraft:bookshelf":43,"minecraft:cobblestone_slab":1,"minecraft:vine":2,"minecraft:smooth_quartz_stairs":2,"ecologics:walnut_log":5,"minecraft:stone":7,"minecraft:redstone_wall_torch":1,"minecraft:sandstone_slab":1,"minecraft:cut_sandstone":26,"minecraft:scaffolding":1,"minecraft:redstone_block":1,"minecraft:smooth_sandstone":3,"minecraft:crafting_table":9,"minecraft:blast_furnace":3,"iceandfire:ghost_chest":2,"minecraft:dead_bush":1,"minecraft:campfire":1,"minecraft:tall_grass":3,"minecraft:damaged_anvil":1,"minecraft:repeater":2,"minecraft:sea_pickle":1,"minecraft:wheat":47,"minecraft:spruce_log":9,"iceandfire:ash":3,"minecraft:tnt":19,"minecraft:grass":4,"minecraft:oak_log":4,"minecraft:coal_ore":22,"minecraft:dirt":3,"minecraft:cyan_carpet":1,"minecraft:cobweb":1,"ecologics:walnut_planks":1,"minecraft:tripwire_hook":1,"minecraft:piston":2},"minecraft:custom":{"minecraft:mob_kills":58,"minecraft:interact_with_crafting_table":21,"minecraft:open_barrel":20,"minecraft:damage_dealt_resisted":162,"minecraft:eat_cake_slice":6,"minecraft:leave_game":3,"minecraft:time_since_death":8765,"minecraft:climb_one_cm":10568,"minecraft:sprint_one_cm":627288,"minecraft:walk_one_cm":454597,"minecraft:drop":41,"minecraft:talked_to_villager":1,"minecraft:play_time":148847,"minecraft:deaths":10,"minecraft:sneak_time":4569,"minecraft:walk_under_water_one_cm":11467,"minecraft:boat_one_cm":181321,"minecraft:jump":3359,"minecraft:interact_with_blast_furnace":7,"minecraft:walk_on_water_one_cm":21961,"minecraft:total_world_time":148847,"minecraft:interact_with_furnace":11,"minecraft:sleep_in_bed":10,"minecraft:time_since_rest":8520,"minecraft:damage_taken":6156,"minecraft:trigger_trapped_chest":19,"minecraft:damage_dealt":12895,"minecraft:swim_one_cm":44203,"minecraft:fly_one_cm":792391,"minecraft:open_chest":96,"minecraft:crouch_one_cm":17532,"tombstone:undead_killed":31,"minecraft:interact_with_smoker":3,"minecraft:fall_one_cm":103216},"minecraft:dropped":{"minecraft:iron_sword":1,"minecraft:wheat_seeds":187,"minecraft:glass_bottle":1,"minecraft:sandstone_slab":1,"minecraft:leather":2,"minecraft:coal":29,"iceandfire:deathworm_chitin_red":6,"minecraft:dirt":19,"minecraft:wooden_hoe":1,"minecraft:stone_button":4,"born_in_chaos_v1:trident_hayfork":1,"minecraft:gold_nugget":8,"tombstone:grave_dust":3,"iceandfire:ash":3,"minecraft:string":7,"minecraft:gray_carpet":1,"iceandfire:dragonbone":15,"mowziesmobs:umvuthana_mask_rage":1,"alexsmobs:animal_dictionary":1,"minecraft:wheat":1,"undead_revamp2:arapholia":1,"minecraft:rotten_flesh":5,"minecraft:oak_planks":10,"minecraft:leather_chestplate":1,"minecraft:cobblestone_slab":2,"mowziesmobs:umvuthana_mask_misery":1,"minecraft:spruce_planks":4,"minecraft:golden_sword":2,"minecraft:sandstone":4,"minecraft:stone_pickaxe":1,"minecraft:wooden_pickaxe":1,"mowziesmobs:umvuthana_mask_fury":2},"minecraft:crafted":{"minecraft:oak_planks":16,"ecologics:walnut_planks":20,"minecraft:iron_axe":1,"minecraft:iron_hoe":1,"minecraft:stone_pickaxe":1,"minecraft:spruce_boat":1,"quark:spruce_chest":1,"sophisticatedbackpacks:iron_backpack":1,"minecraft:wheat":279,"minecraft:cooked_beef":2,"sophisticatedbackpacks:backpack":1,"minecraft:crafting_table":2,"minecraft:spruce_planks":36,"minecraft:wooden_pickaxe":1,"minecraft:baked_potato":6,"sophisticatedbackpacks:gold_backpack":1,"minecraft:bucket":1,"minecraft:stone_axe":1,"minecraft:bread":108,"minecraft:air":0,"minecraft:wooden_hoe":1,"minecraft:iron_chestplate":1,"minecraft:shield":2,"minecraft:stick":8,"minecraft:iron_pickaxe":1,"minecraft:gold_ingot":76,"minecraft:torch":12},"minecraft:killed":{"alexsmobs:tarantula_hawk":1,"minecraft:slime":2,"naturalist:tortoise":1,"born_in_chaos_v1:maggot":3,"minecraft:horse":1,"minecraft:skeleton":6,"alexsmobs:leafcutter_ant":1,"earthmobsmod:fancy_chicken":1,"alexsmobs:bison":1,"iceandfire:deathworm":3,"mowziesmobs:umvuthana":1,"earthmobsmod:albino_cow":1,"minecraft:husk":16,"undead_revamp2:the_moonflower":1,"undead_revamp2:thebeartamer":1,"minecraft:sheep":2,"alexsmobs:crocodile":1,"minecraft:zombie":2,"iceandfire:ghost":5,"enemyexpansion:botfly":5,"alexsmobs:fly":1},"minecraft:killed_by":{"minecraft:husk":2,"minecraft:player":1,"iceandfire:deathworm":1,"alexsmobs:crocodile":1,"mowziesmobs:umvuthana":1,"minecraft:skeleton":1,"iceandfire:ghost":2,"iceandfire:fire_dragon":1}},"DataVersion":3465}