{"stats":{"minecraft:broken":{"mowziesmobs:umvuthana_mask_fury":1},"minecraft:picked_up":{"minecraft:oak_stairs":3,"minecraft:stone_brick_wall":2,"minecraft:enchanted_book":1,"minecraft:experience_bottle":1,"minecraft:cyan_carpet":1,"minecraft:gold_nugget":18,"minecraft:beef":18,"quark:black_shard":8,"minecraft:coal_block":3,"minecraft:iron_boots":2,"minecraft:raw_iron":9,"minecraft:stick":1,"minecraft:stripped_mangrove_wood":2,"minecraft:oak_door":2,"minecraft:copper_ingot":1,"minecraft:oak_fence":1,"minecraft:torch":3,"minecraft:stone_button":9,"tombstone:grave_dust":2,"minecraft:dark_oak_planks":1,"minecraft:arrow":10,"minecraft:rotten_flesh":7,"minecraft:pumpkin_pie":1,"minecraft:hay_block":2,"minecraft:iron_bars":5,"minecraft:cobblestone":6,"alexsmobs:kangaroo_meat":6,"minecraft:stripped_oak_log":1,"born_in_chaos_v1:corpse_maggot":2,"mowziesmobs:umvuthana_mask_fury":1,"minecraft:feather":1,"minecraft:leather":5,"minecraft:mushroom_stew":1,"minecraft:oak_log":21,"minecraft:dirt":5,"tombstone:gift":1,"minecraft:lantern":6,"minecraft:white_banner":1,"minecraft:bone":6,"minecraft:apple":6,"minecraft:gray_carpet":6,"minecraft:kelp":6,"minecraft:bow":1,"minecraft:wheat_seeds":64,"minecraft:iron_sword":1,"minecraft:book":159,"iceandfire:copper_nugget":64,"minecraft:dandelion":1,"minecraft:ink_sac":2,"minecraft:white_bed":2,"minecraft:dark_oak_fence_gate":1,"quark:oak_chest":2,"minecraft:leather_helmet":1,"alexsmobs:kangaroo_hide":1,"born_in_chaos_v1:fire_dust":1,"iceandfire:lectern":1,"minecraft:chainmail_leggings":1,"minecraft:spruce_sign":1,"minecraft:emerald":1,"tombstone:magic_scroll":1,"minecraft:stripped_dark_oak_log":1,"iceandfire:silver_nugget":10},"minecraft:used":{"iceandfire:lectern":1,"minecraft:iron_sword":163,"minecraft:stick":1,"minecraft:torch":1,"minecraft:dirt":5,"born_in_chaos_v1:corpse_maggot":2,"minecraft:dark_oak_planks":1,"tombstone:gift":2,"minecraft:stone_pickaxe":42,"minecraft:leather_chestplate":1,"minecraft:spruce_sign":1,"minecraft:stripped_mangrove_wood":2,"minecraft:stripped_dark_oak_log":1,"minecraft:mushroom_stew":1,"minecraft:white_bed":1,"minecraft:stone_brick_wall":1,"minecraft:apple":15,"minecraft:bread":29,"minecraft:stone_axe":63,"minecraft:pumpkin_pie":1,"minecraft:dandelion":1,"minecraft:experience_bottle":1},"minecraft:mined":{"minecraft:dark_oak_planks":2,"minecraft:white_bed":2,"iceandfire:copper_pile":15,"minecraft:red_nether_bricks":1,"minecraft:grass_block":4,"iceandfire:lectern":1,"luminousworld:grassvariant_2":1,"minecraft:coal_block":3,"minecraft:spawner":1,"minecraft:hay_block":2,"minecraft:iron_ore":8,"minecraft:fire":6,"minecraft:dark_oak_stairs":3,"minecraft:bookshelf":53,"supplementaries:stick":1,"iceandfire:gold_pile":3,"minecraft:white_banner":1,"minecraft:stone":1,"minecraft:stripped_mangrove_wood":3,"quark:oak_chest":2,"minecraft:stripped_dark_oak_log":2,"minecraft:rose_bush":1,"minecraft:tall_grass":1,"minecraft:black_stained_glass":6,"iceandfire:crackled_stone":1,"minecraft:grass":6,"minecraft:oak_log":1,"iceandfire:silver_pile":3,"minecraft:sunflower":4,"minecraft:dirt":1,"minecraft:gray_carpet":6,"luminousworld:grassvariant_3":2,"minecraft:cobweb":7,"minecraft:oak_leaves":2},"minecraft:dropped":{"minecraft:wheat_seeds":7,"minecraft:lantern":6,"minecraft:leather_helmet":1,"minecraft:stone_button":6,"minecraft:ink_sac":2,"minecraft:oak_stairs":3,"minecraft:paper":12,"minecraft:gray_carpet":6,"minecraft:cyan_carpet":1,"quark:black_shard":8,"minecraft:kelp":6,"minecraft:bowl":1,"minecraft:rotten_flesh":4,"minecraft:dark_oak_fence_gate":1,"minecraft:leather_chestplate":1,"minecraft:leather_leggings":1,"minecraft:iron_bars":5,"minecraft:arrow":5},"minecraft:custom":{"minecraft:mob_kills":33,"minecraft:interact_with_crafting_table":2,"minecraft:open_barrel":6,"minecraft:damage_dealt_resisted":13,"minecraft:eat_cake_slice":3,"minecraft:leave_game":3,"minecraft:time_since_death":0,"minecraft:climb_one_cm":2110,"minecraft:sprint_one_cm":295097,"minecraft:walk_one_cm":247272,"minecraft:drop":22,"minecraft:damage_dealt_absorbed":5,"minecraft:talked_to_villager":4,"minecraft:play_time":65658,"minecraft:deaths":8,"minecraft:sneak_time":563,"minecraft:walk_under_water_one_cm":2634,"minecraft:boat_one_cm":17518,"minecraft:jump":1185,"minecraft:interact_with_blast_furnace":1,"minecraft:walk_on_water_one_cm":10310,"minecraft:total_world_time":65658,"minecraft:interact_with_furnace":5,"minecraft:sleep_in_bed":2,"minecraft:time_since_rest":292,"minecraft:damage_taken":4051,"minecraft:damage_dealt":7819,"minecraft:swim_one_cm":9376,"minecraft:fly_one_cm":264191,"minecraft:open_chest":35,"minecraft:crouch_one_cm":1645,"tombstone:undead_killed":10,"minecraft:fall_one_cm":34926},"minecraft:crafted":{"minecraft:oak_planks":4,"minecraft:coal":27,"minecraft:stone_pickaxe":1,"minecraft:wheat":18,"minecraft:stone_axe":1,"minecraft:bread":6,"minecraft:stick":4},"minecraft:killed":{"alexsmobs:raccoon":1,"born_in_chaos_v1:maggot":3,"minecraft:horse":2,"minecraft:skeleton":4,"minecraft:llama":1,"alexsmobs:bison":2,"born_in_chaos_v1:firelight_not_despawn":1,"alexsmobs:kangaroo":4,"mowziesmobs:umvuthana":1,"friendsandfoes:copper_golem":1,"minecraft:husk":5,"minecraft:iron_golem":1,"minecraft:frog":2,"minecraft:cow":3,"enemyexpansion:slugger":1},"minecraft:killed_by":{"minecraft:husk":4,"undead_revamp2:the_moonflower":1,"minecraft:skeleton":1,"iceandfire:fire_dragon":2}},"DataVersion":3465}