{"stats":{"minecraft:picked_up":{"minecraft:stripped_oak_log":1,"mowziesmobs:umvuthana_mask_fury":1,"minecraft:feather":1,"minecraft:oak_stairs":3,"minecraft:stone_brick_wall":2,"minecraft:mushroom_stew":1,"minecraft:oak_log":16,"minecraft:dirt":4,"minecraft:white_banner":1,"minecraft:lantern":6,"minecraft:bone":4,"minecraft:experience_bottle":1,"minecraft:cyan_carpet":1,"minecraft:gray_carpet":6,"minecraft:kelp":6,"minecraft:wheat_seeds":64,"minecraft:gold_nugget":18,"quark:black_shard":8,"minecraft:coal_block":3,"minecraft:iron_sword":1,"minecraft:iron_boots":2,"minecraft:book":159,"minecraft:stick":1,"minecraft:raw_iron":1,"iceandfire:copper_nugget":64,"minecraft:oak_door":2,"minecraft:oak_fence":1,"minecraft:torch":2,"minecraft:dandelion":1,"minecraft:stone_button":7,"tombstone:grave_dust":2,"minecraft:ink_sac":2,"minecraft:white_bed":2,"minecraft:dark_oak_fence_gate":1,"quark:oak_chest":2,"minecraft:leather_helmet":1,"alexsmobs:kangaroo_hide":1,"minecraft:arrow":4,"minecraft:rotten_flesh":5,"iceandfire:lectern":1,"minecraft:chainmail_leggings":1,"minecraft:hay_block":2,"minecraft:emerald":1,"tombstone:magic_scroll":1,"iceandfire:silver_nugget":10,"minecraft:iron_bars":5,"alexsmobs:kangaroo_meat":6,"minecraft:cobblestone":6},"minecraft:used":{"minecraft:stone_pickaxe":32,"minecraft:leather_chestplate":1,"minecraft:iron_sword":90,"minecraft:stick":1,"minecraft:mushroom_stew":1,"minecraft:white_bed":1,"minecraft:stone_brick_wall":1,"minecraft:bread":19,"minecraft:stone_axe":58,"minecraft:dandelion":1,"minecraft:experience_bottle":1},"minecraft:mined":{"minecraft:white_bed":2,"quark:oak_chest":2,"iceandfire:copper_pile":15,"minecraft:grass_block":4,"minecraft:rose_bush":1,"iceandfire:lectern":1,"minecraft:coal_block":3,"minecraft:spawner":1,"minecraft:hay_block":2,"minecraft:black_stained_glass":6,"iceandfire:crackled_stone":1,"minecraft:fire":6,"minecraft:grass":1,"minecraft:bookshelf":53,"supplementaries:stick":1,"iceandfire:silver_pile":3,"iceandfire:gold_pile":3,"minecraft:sunflower":4,"minecraft:gray_carpet":6,"minecraft:cobweb":7,"luminousworld:grassvariant_3":2,"minecraft:white_banner":1},"minecraft:dropped":{"minecraft:kelp":6,"minecraft:wheat_seeds":7,"minecraft:bowl":1,"minecraft:rotten_flesh":2,"minecraft:dark_oak_fence_gate":1,"minecraft:leather_helmet":1,"minecraft:leather_chestplate":1,"minecraft:ink_sac":2,"minecraft:stone_button":2,"minecraft:leather_leggings":1,"minecraft:oak_stairs":3,"minecraft:iron_bars":5,"minecraft:paper":12,"quark:black_shard":8,"minecraft:gray_carpet":6,"minecraft:cyan_carpet":1},"minecraft:custom":{"minecraft:interact_with_furnace":5,"minecraft:mob_kills":19,"minecraft:interact_with_crafting_table":2,"minecraft:open_barrel":5,"minecraft:damage_dealt_resisted":10,"minecraft:eat_cake_slice":1,"minecraft:time_since_death":4818,"minecraft:sleep_in_bed":2,"minecraft:time_since_rest":0,"minecraft:sprint_one_cm":135007,"minecraft:damage_taken":1756,"minecraft:walk_one_cm":145336,"minecraft:drop":18,"minecraft:damage_dealt":4289,"minecraft:swim_one_cm":6335,"minecraft:talked_to_villager":1,"minecraft:fly_one_cm":93540,"minecraft:open_chest":19,"tombstone:undead_killed":8,"minecraft:crouch_one_cm":324,"minecraft:play_time":34635,"minecraft:deaths":3,"minecraft:sneak_time":89,"minecraft:walk_under_water_one_cm":311,"minecraft:boat_one_cm":17518,"minecraft:jump":457,"minecraft:interact_with_blast_furnace":1,"minecraft:walk_on_water_one_cm":4584,"minecraft:total_world_time":34635,"minecraft:fall_one_cm":11216},"minecraft:crafted":{"minecraft:oak_planks":4,"minecraft:coal":27,"minecraft:stone_axe":1,"minecraft:bread":6,"minecraft:stick":4,"minecraft:stone_pickaxe":1,"minecraft:wheat":18},"minecraft:killed":{"minecraft:husk":4,"alexsmobs:raccoon":1,"minecraft:frog":2,"born_in_chaos_v1:maggot":2,"minecraft:skeleton":3,"minecraft:horse":1,"alexsmobs:kangaroo":4,"mowziesmobs:umvuthana":1,"enemyexpansion:slugger":1},"minecraft:killed_by":{"minecraft:husk":2,"minecraft:skeleton":1}},"DataVersion":3465}