{"stats":{"minecraft:picked_up":{"minecraft:stripped_oak_log":1,"mowziesmobs:umvuthana_mask_fury":1,"minecraft:feather":1,"minecraft:oak_stairs":3,"minecraft:stone_brick_wall":2,"minecraft:oak_log":16,"minecraft:dirt":4,"minecraft:lantern":6,"minecraft:experience_bottle":1,"minecraft:kelp":3,"minecraft:wheat_seeds":64,"minecraft:gold_nugget":18,"minecraft:iron_sword":1,"minecraft:iron_boots":1,"minecraft:book":159,"minecraft:stick":1,"minecraft:raw_iron":1,"iceandfire:copper_nugget":64,"minecraft:oak_door":2,"minecraft:oak_fence":1,"minecraft:torch":2,"minecraft:dandelion":1,"minecraft:stone_button":7,"tombstone:grave_dust":2,"minecraft:ink_sac":2,"minecraft:white_bed":2,"minecraft:dark_oak_fence_gate":1,"quark:oak_chest":2,"minecraft:leather_helmet":1,"alexsmobs:kangaroo_hide":1,"minecraft:rotten_flesh":3,"iceandfire:lectern":1,"minecraft:emerald":1,"iceandfire:silver_nugget":10,"minecraft:iron_bars":5,"alexsmobs:kangaroo_meat":6,"minecraft:cobblestone":6},"minecraft:used":{"minecraft:stone_pickaxe":21,"minecraft:leather_chestplate":1,"minecraft:iron_sword":33,"minecraft:stick":1,"minecraft:white_bed":1,"minecraft:stone_brick_wall":1,"minecraft:bread":9,"minecraft:stone_axe":58,"minecraft:dandelion":1,"minecraft:experience_bottle":1},"minecraft:mined":{"minecraft:white_bed":2,"quark:oak_chest":2,"iceandfire:copper_pile":15,"minecraft:grass_block":4,"iceandfire:lectern":1,"iceandfire:crackled_stone":1,"minecraft:fire":6,"minecraft:grass":1,"minecraft:bookshelf":53,"supplementaries:stick":1,"iceandfire:silver_pile":3,"iceandfire:gold_pile":3,"minecraft:sunflower":4,"luminousworld:grassvariant_3":2},"minecraft:dropped":{"minecraft:wheat_seeds":7,"minecraft:dark_oak_fence_gate":1,"minecraft:leather_helmet":1,"minecraft:stone_button":2,"minecraft:oak_stairs":3,"minecraft:paper":12},"minecraft:custom":{"minecraft:interact_with_furnace":1,"minecraft:mob_kills":8,"minecraft:interact_with_crafting_table":1,"minecraft:damage_dealt_resisted":10,"minecraft:time_since_death":22635,"minecraft:sleep_in_bed":1,"minecraft:time_since_rest":9594,"minecraft:sprint_one_cm":84034,"minecraft:damage_taken":409,"minecraft:walk_one_cm":83248,"minecraft:drop":6,"minecraft:damage_dealt":1515,"minecraft:swim_one_cm":6335,"minecraft:talked_to_villager":1,"minecraft:fly_one_cm":77725,"minecraft:open_chest":17,"tombstone:undead_killed":1,"minecraft:crouch_one_cm":324,"minecraft:play_time":22635,"minecraft:sneak_time":89,"minecraft:walk_under_water_one_cm":311,"minecraft:boat_one_cm":17518,"minecraft:jump":360,"minecraft:walk_on_water_one_cm":3998,"minecraft:total_world_time":22635,"minecraft:fall_one_cm":11007},"minecraft:crafted":{"minecraft:oak_planks":4,"minecraft:stone_axe":1,"minecraft:stick":4,"minecraft:stone_pickaxe":1},"minecraft:killed":{"alexsmobs:raccoon":1,"minecraft:horse":1,"alexsmobs:kangaroo":4,"mowziesmobs:umvuthana":1,"enemyexpansion:slugger":1}},"DataVersion":3465}