{"stats":{"minecraft:picked_up":{"minecraft:book":105,"minecraft:stripped_oak_log":1,"minecraft:stick":1,"minecraft:raw_iron":1,"minecraft:oak_door":2,"minecraft:oak_fence":1,"minecraft:oak_stairs":3,"minecraft:stone_brick_wall":2,"minecraft:oak_log":16,"minecraft:stone_button":7,"minecraft:ink_sac":2,"tombstone:grave_dust":2,"minecraft:white_bed":1,"minecraft:dark_oak_fence_gate":1,"minecraft:lantern":4,"minecraft:experience_bottle":1,"minecraft:rotten_flesh":3,"minecraft:kelp":3,"minecraft:emerald":1,"minecraft:cobblestone":6,"minecraft:iron_sword":1,"minecraft:iron_bars":5,"minecraft:iron_boots":1},"minecraft:used":{"minecraft:bread":2,"minecraft:leather_chestplate":1,"minecraft:iron_sword":9,"minecraft:stone_axe":35,"minecraft:stick":1,"minecraft:stone_brick_wall":1,"minecraft:experience_bottle":1},"minecraft:mined":{"minecraft:white_bed":1,"minecraft:fire":6,"minecraft:grass":1,"minecraft:bookshelf":35,"supplementaries:stick":1,"luminousworld:grassvariant_3":2},"minecraft:dropped":{"minecraft:stone_button":2,"minecraft:oak_stairs":3},"minecraft:custom":{"minecraft:time_since_rest":10635,"minecraft:interact_with_furnace":1,"minecraft:sprint_one_cm":50550,"minecraft:damage_taken":117,"minecraft:walk_one_cm":46928,"minecraft:mob_kills":2,"minecraft:drop":2,"minecraft:damage_dealt":385,"minecraft:interact_with_crafting_table":1,"minecraft:talked_to_villager":1,"minecraft:fly_one_cm":26180,"minecraft:open_chest":11,"minecraft:play_time":10635,"tombstone:undead_killed":1,"minecraft:sneak_time":4,"minecraft:jump":109,"minecraft:damage_dealt_resisted":10,"minecraft:time_since_death":10635,"minecraft:total_world_time":10635,"minecraft:fall_one_cm":3927},"minecraft:crafted":{"minecraft:oak_planks":4,"minecraft:stick":4,"minecraft:stone_pickaxe":1,"minecraft:stone_axe":1},"minecraft:killed":{"alexsmobs:raccoon":1,"enemyexpansion:slugger":1}},"DataVersion":3465}