{"stats":{"minecraft:picked_up":{"ecologics:walnut":1,"ecologics:walnut_log":3,"iceandfire:podium_spruce":1,"minecraft:leather":7,"earthmobsmod:fancy_egg":3,"minecraft:oak_log":2,"minecraft:dirt":4,"minecraft:red_nether_bricks":1,"minecraft:armor_stand":2,"minecraft:rotten_flesh":2,"iceandfire:bestiary":1,"minecraft:pumpkin_pie":2,"minecraft:gold_nugget":18,"minecraft:spruce_planks":4,"minecraft:beef":9,"minecraft:sugar_cane":14,"minecraft:coal":29,"minecraft:cobblestone":16},"minecraft:used":{"minecraft:armor_stand":2,"minecraft:stone_pickaxe":4,"minecraft:oak_planks":8,"minecraft:wooden_pickaxe":13,"earthmobsmod:fancy_egg":3,"minecraft:stone_axe":5,"minecraft:dirt":3,"minecraft:crafting_table":1,"minecraft:furnace":1,"minecraft:mushroom_stew":1,"tombstone:gift":2,"minecraft:pumpkin_pie":6,"alexsmobs:animal_dictionary":3,"minecraft:cake":2},"minecraft:mined":{"minecraft:grass":1,"minecraft:grass_block":1,"minecraft:oak_log":2,"ecologics:walnut_leaves":3,"iceandfire:gold_pile":3,"minecraft:tall_grass":1,"minecraft:stone":16,"ecologics:walnut_log":3,"placeablesmod:pumpkin_pie_block_1":2,"iceandfire:podium_spruce":1,"minecraft:sugar_cane":6,"minecraft:cake":1},"minecraft:dropped":{"minecraft:leather":5,"minecraft:glistering_melon_slice":1},"minecraft:custom":{"minecraft:time_since_rest":14812,"minecraft:interact_with_furnace":6,"minecraft:sprint_one_cm":63164,"minecraft:damage_taken":655,"minecraft:walk_one_cm":45372,"minecraft:mob_kills":4,"minecraft:drop":2,"minecraft:damage_dealt":410,"minecraft:interact_with_crafting_table":5,"minecraft:fly_one_cm":135310,"minecraft:open_barrel":5,"minecraft:open_chest":4,"minecraft:crouch_one_cm":3779,"minecraft:play_time":23770,"minecraft:deaths":1,"minecraft:sneak_time":1257,"minecraft:jump":577,"minecraft:leave_game":1,"minecraft:eat_cake_slice":7,"minecraft:walk_on_water_one_cm":108,"minecraft:time_since_death":16767,"minecraft:sleep_in_bed":1,"minecraft:total_world_time":23770,"minecraft:fall_one_cm":19993},"minecraft:crafted":{"minecraft:cooked_beef":9,"minecraft:oak_planks":8,"minecraft:crafting_table":1,"minecraft:stick":8,"minecraft:wooden_pickaxe":1,"ecologics:walnut_planks":12,"minecraft:stone_pickaxe":1,"minecraft:furnace":1,"minecraft:stone_axe":1,"minecraft:air":0},"minecraft:killed":{"earthmobsmod:albino_cow":4}},"DataVersion":3465}