{"stats":{"minecraft:broken":{"minecraft:leather_leggings":1},"minecraft:picked_up":{"iceandfire:deathworm_egg":1,"minecraft:crafting_table":7,"minecraft:sandstone_slab":1,"earthmobsmod:fancy_egg":3,"minecraft:golden_sword":1,"minecraft:string":9,"minecraft:stone_stairs":1,"minecraft:red_nether_bricks":1,"minecraft:armor_stand":2,"iceandfire:bestiary":1,"minecraft:gold_nugget":275,"minecraft:spruce_planks":4,"minecraft:beef":45,"minecraft:sugar_cane":30,"minecraft:furnace":2,"minecraft:sandstone":28,"minecraft:stick":7,"minecraft:raw_iron":16,"minecraft:stripped_mangrove_wood":1,"ecologics:walnut_log":5,"iceandfire:deathworm_chitin_red":4,"minecraft:torch":3,"minecraft:bowl":1,"minecraft:sandstone_wall":1,"minecraft:cookie":5,"tombstone:grave_dust":11,"iceandfire:deathworm_chitin_white":6,"minecraft:golden_chestplate":1,"minecraft:blue_carpet":1,"artifacts:everlasting_beef":1,"undead_revamp2:cloogerribs":44,"minecraft:tnt":1,"minecraft:arrow":2,"minecraft:rotten_flesh":34,"minecraft:pumpkin_pie":2,"iceandfire:deathworm_chitin_yellow":11,"minecraft:hay_block":9,"minecraft:yellow_terracotta":1,"minecraft:mutton":3,"minecraft:cobblestone":55,"born_in_chaos_v1:corpse_maggot":1,"ecologics:walnut":1,"minecraft:cut_sandstone":1,"minecraft:leather":13,"alexsmobs:bison_fur":4,"minecraft:oak_log":2,"minecraft:chainmail_chestplate":1,"minecraft:dirt":32,"minecraft:bone":23,"undead_revamp2:blacpetalblock":1,"minecraft:bow":1,"minecraft:oak_planks":13,"minecraft:iron_sword":2,"iceandfire:podium_spruce":1,"luminousworld:sunset_petunias":3,"minecraft:sand":3,"minecraft:chiseled_sandstone":9,"minecraft:mossy_cobblestone":1,"minecraft:bundle":1,"minecraft:yellow_carpet":1,"minecraft:slime_ball":14,"minecraft:emerald":1,"minecraft:bread":38,"minecraft:chainmail_helmet":1,"minecraft:coal":88},"minecraft:used":{"undead_revamp2:clogggerribswithbun":13,"minecraft:stone_sword":12,"minecraft:armor_stand":2,"minecraft:iron_sword":171,"earthmobsmod:fancy_egg":3,"minecraft:dirt":27,"minecraft:stone_stairs":1,"minecraft:furnace":3,"tombstone:gift":5,"minecraft:cooked_beef":12,"minecraft:stone_pickaxe":82,"minecraft:red_nether_bricks":1,"minecraft:oak_planks":8,"minecraft:wooden_pickaxe":13,"minecraft:sandstone":4,"minecraft:cookie":3,"minecraft:mossy_cobblestone":1,"minecraft:crafting_table":9,"minecraft:mushroom_stew":1,"minecraft:cake":2,"minecraft:chiseled_sandstone":9,"minecraft:iron_pickaxe":35,"tombstone:magic_scroll":1,"tombstone:grave_key":3,"minecraft:stone_axe":62,"minecraft:cobblestone":1,"minecraft:pumpkin_pie":6,"alexsmobs:animal_dictionary":3},"minecraft:mined":{"minecraft:yellow_terracotta":1,"minecraft:blue_carpet":1,"minecraft:mossy_cobblestone":2,"minecraft:dark_oak_log":2,"minecraft:grass_block":9,"minecraft:yellow_carpet":1,"minecraft:sandstone":7,"minecraft:spawner":4,"minecraft:hay_block":9,"luminousworld:sunset_petunias":1,"minecraft:furnace":3,"minecraft:iron_ore":16,"minecraft:vine":4,"iceandfire:gold_pile":30,"ecologics:walnut_log":5,"minecraft:stripped_mangrove_wood":1,"minecraft:stone":33,"iceandfire:podium_spruce":1,"minecraft:cake":1,"minecraft:sandstone_slab":1,"minecraft:cut_sandstone":1,"minecraft:crafting_table":7,"minecraft:torch":3,"ecologics:walnut_leaves":3,"minecraft:tall_grass":2,"minecraft:oak_planks":1,"minecraft:sugar_cane":16,"minecraft:stone_stairs":1,"minecraft:tnt":1,"minecraft:grass":4,"minecraft:oak_log":2,"minecraft:coal_ore":28,"minecraft:sand":2,"minecraft:sandstone_wall":1,"placeablesmod:pumpkin_pie_block_1":2,"minecraft:oak_leaves":1},"minecraft:custom":{"minecraft:mob_kills":47,"minecraft:interact_with_crafting_table":29,"minecraft:open_barrel":19,"minecraft:eat_cake_slice":7,"minecraft:leave_game":3,"minecraft:time_since_death":16255,"minecraft:climb_one_cm":2639,"minecraft:sprint_one_cm":298115,"minecraft:walk_one_cm":219807,"minecraft:drop":22,"minecraft:play_time":101818,"minecraft:sneak_time":4415,"minecraft:deaths":7,"minecraft:walk_under_water_one_cm":4615,"minecraft:jump":2955,"minecraft:walk_on_water_one_cm":4939,"minecraft:total_world_time":101818,"minecraft:interact_with_furnace":24,"minecraft:sleep_in_bed":2,"minecraft:time_since_rest":15584,"minecraft:damage_taken":4476,"minecraft:trigger_trapped_chest":2,"minecraft:damage_dealt":8670,"minecraft:swim_one_cm":31082,"minecraft:fly_one_cm":736874,"minecraft:open_chest":43,"minecraft:crouch_one_cm":17056,"tombstone:undead_killed":19,"minecraft:fall_one_cm":89828},"minecraft:dropped":{"luminousworld:sunset_petunias":3,"minecraft:leather":5,"minecraft:emerald":1,"minecraft:stick":3,"minecraft:dirt":5,"tombstone:grave_key":1,"minecraft:cut_sandstone":1,"tombstone:grave_dust":6,"minecraft:glistering_melon_slice":1,"undead_revamp2:blacpetalblock":1,"minecraft:string":2,"minecraft:bowl":2,"minecraft:beetroot":4,"minecraft:rotten_flesh":26,"minecraft:oak_planks":2},"minecraft:crafted":{"minecraft:oak_planks":8,"iceandfire:deathworm_white_boots":1,"iceandfire:deathworm_yellow_chestplate":1,"ecologics:walnut_planks":20,"minecraft:furnace":2,"tombstone:grave_key":1,"minecraft:stone_pickaxe":1,"sophisticatedbackpacks:iron_backpack":1,"minecraft:cooked_beef":14,"sophisticatedbackpacks:backpack":1,"minecraft:crafting_table":3,"minecraft:wooden_pickaxe":1,"minecraft:iron_sword":1,"sophisticatedbackpacks:gold_backpack":1,"undead_revamp2:clogggerribswithbun":44,"minecraft:stone_axe":1,"minecraft:air":0,"minecraft:stick":8,"quark:oak_chest":1,"minecraft:iron_ingot":16,"minecraft:iron_pickaxe":1,"minecraft:stone_sword":1,"minecraft:gold_ingot":32},"minecraft:killed":{"naturalist:rattlesnake":1,"minecraft:spider":1,"undead_revamp2:clogger":1,"undead_revamp2:thesmoker":1,"minecraft:slime":3,"born_in_chaos_v1:maggot":3,"undead_revamp2:deadclogger":1,"friendsandfoes:mauler":1,"alexsmobs:bison":4,"iceandfire:deathworm":3,"earthmobsmod:albino_cow":4,"enemyexpansion:starved":1,"minecraft:husk":10,"undead_revamp2:the_moonflower":1,"undead_revamp2:thebeartamer":1,"born_in_chaos_v1:decrepit_skeleton":1,"iceandfire:ghost":2,"enemyexpansion:botfly":3,"minecraft:cow":4},"minecraft:killed_by":{"minecraft:husk":1,"minecraft:slime":1,"iceandfire:ghost":2}},"DataVersion":3465}