{"stats":{"minecraft:picked_up":{"ecologics:walnut":1,"minecraft:leather":7,"earthmobsmod:fancy_egg":3,"alexsmobs:bison_fur":4,"minecraft:oak_log":2,"minecraft:string":1,"minecraft:dirt":8,"minecraft:red_nether_bricks":1,"minecraft:armor_stand":2,"minecraft:bone":2,"iceandfire:bestiary":1,"minecraft:gold_nugget":18,"minecraft:spruce_planks":4,"minecraft:beef":36,"minecraft:sugar_cane":30,"minecraft:oak_planks":1,"minecraft:stick":2,"minecraft:stripped_mangrove_wood":1,"ecologics:walnut_log":5,"iceandfire:podium_spruce":1,"luminousworld:sunset_petunias":1,"tombstone:grave_dust":2,"minecraft:arrow":2,"minecraft:rotten_flesh":2,"minecraft:pumpkin_pie":2,"minecraft:mutton":3,"minecraft:coal":29,"minecraft:cobblestone":16},"minecraft:used":{"minecraft:stone_sword":10,"minecraft:armor_stand":2,"minecraft:stone_pickaxe":5,"minecraft:oak_planks":8,"minecraft:red_nether_bricks":1,"minecraft:wooden_pickaxe":13,"earthmobsmod:fancy_egg":3,"minecraft:dirt":3,"minecraft:crafting_table":2,"minecraft:mushroom_stew":1,"minecraft:cake":2,"tombstone:grave_key":3,"minecraft:stone_axe":40,"minecraft:furnace":1,"tombstone:gift":4,"alexsmobs:animal_dictionary":3,"minecraft:pumpkin_pie":6,"minecraft:cooked_beef":4},"minecraft:mined":{"minecraft:dark_oak_log":2,"minecraft:grass_block":9,"ecologics:walnut_leaves":3,"minecraft:tall_grass":1,"minecraft:sugar_cane":16,"minecraft:oak_planks":1,"luminousworld:sunset_petunias":1,"minecraft:furnace":1,"minecraft:grass":3,"minecraft:oak_log":2,"iceandfire:gold_pile":3,"minecraft:vine":4,"ecologics:walnut_log":5,"placeablesmod:pumpkin_pie_block_1":2,"minecraft:stone":16,"minecraft:stripped_mangrove_wood":1,"iceandfire:podium_spruce":1,"minecraft:cake":1},"minecraft:dropped":{"minecraft:leather":5,"minecraft:glistering_melon_slice":1},"minecraft:custom":{"minecraft:interact_with_furnace":6,"minecraft:mob_kills":12,"minecraft:interact_with_crafting_table":6,"minecraft:open_barrel":5,"minecraft:eat_cake_slice":7,"minecraft:leave_game":3,"minecraft:time_since_death":1994,"minecraft:sleep_in_bed":1,"minecraft:climb_one_cm":18,"minecraft:time_since_rest":1459,"minecraft:sprint_one_cm":138610,"minecraft:damage_taken":1761,"minecraft:walk_one_cm":68416,"minecraft:trigger_trapped_chest":1,"minecraft:drop":2,"minecraft:damage_dealt":2479,"minecraft:swim_one_cm":21194,"minecraft:fly_one_cm":401591,"minecraft:open_chest":4,"minecraft:crouch_one_cm":6520,"minecraft:play_time":41818,"tombstone:undead_killed":3,"minecraft:deaths":5,"minecraft:sneak_time":1999,"minecraft:walk_under_water_one_cm":1069,"minecraft:jump":1424,"minecraft:walk_on_water_one_cm":2543,"minecraft:total_world_time":41818,"minecraft:fall_one_cm":46080},"minecraft:crafted":{"minecraft:cooked_beef":9,"minecraft:oak_planks":8,"minecraft:crafting_table":2,"minecraft:wooden_pickaxe":1,"ecologics:walnut_planks":20,"minecraft:furnace":1,"minecraft:stone_axe":1,"minecraft:air":0,"tombstone:grave_key":1,"minecraft:stick":8,"minecraft:stone_pickaxe":1,"minecraft:stone_sword":1},"minecraft:killed":{"minecraft:spider":1,"undead_revamp2:thesmoker":1,"iceandfire:ghost":2,"alexsmobs:bison":4,"earthmobsmod:albino_cow":4},"minecraft:killed_by":{"iceandfire:ghost":2}},"DataVersion":3465}