{"stats":{"minecraft:picked_up":{"minecraft:crafting_table":3,"ecologics:walnut":1,"minecraft:leather":7,"earthmobsmod:fancy_egg":3,"alexsmobs:bison_fur":4,"minecraft:oak_log":2,"minecraft:string":2,"minecraft:dirt":13,"minecraft:red_nether_bricks":1,"minecraft:armor_stand":2,"minecraft:bone":2,"undead_revamp2:blacpetalblock":1,"iceandfire:bestiary":1,"minecraft:gold_nugget":275,"minecraft:spruce_planks":4,"minecraft:beef":36,"minecraft:sugar_cane":30,"minecraft:oak_planks":1,"minecraft:furnace":1,"minecraft:stick":5,"minecraft:raw_iron":16,"minecraft:stripped_mangrove_wood":1,"ecologics:walnut_log":5,"iceandfire:podium_spruce":1,"minecraft:bowl":1,"luminousworld:sunset_petunias":3,"tombstone:grave_dust":5,"minecraft:arrow":2,"minecraft:rotten_flesh":4,"minecraft:pumpkin_pie":2,"minecraft:mutton":3,"minecraft:coal":88,"minecraft:cobblestone":28},"minecraft:used":{"minecraft:stone_sword":12,"minecraft:armor_stand":2,"minecraft:stone_pickaxe":82,"minecraft:oak_planks":8,"minecraft:red_nether_bricks":1,"minecraft:wooden_pickaxe":13,"earthmobsmod:fancy_egg":3,"minecraft:dirt":8,"minecraft:crafting_table":6,"minecraft:mushroom_stew":1,"minecraft:cake":2,"minecraft:iron_pickaxe":12,"tombstone:grave_key":3,"minecraft:stone_axe":42,"minecraft:furnace":2,"tombstone:gift":4,"alexsmobs:animal_dictionary":3,"minecraft:pumpkin_pie":6,"minecraft:cooked_beef":6},"minecraft:mined":{"minecraft:dark_oak_log":2,"minecraft:crafting_table":3,"minecraft:grass_block":9,"ecologics:walnut_leaves":3,"minecraft:tall_grass":1,"minecraft:sugar_cane":16,"minecraft:oak_planks":1,"luminousworld:sunset_petunias":1,"minecraft:furnace":2,"minecraft:iron_ore":16,"minecraft:grass":3,"minecraft:coal_ore":28,"minecraft:oak_log":2,"iceandfire:gold_pile":30,"minecraft:vine":4,"ecologics:walnut_log":5,"placeablesmod:pumpkin_pie_block_1":2,"minecraft:stone":32,"minecraft:stripped_mangrove_wood":1,"iceandfire:podium_spruce":1,"minecraft:cake":1},"minecraft:dropped":{"luminousworld:sunset_petunias":3,"minecraft:bowl":2,"minecraft:beetroot":4,"minecraft:rotten_flesh":2,"minecraft:leather":5,"minecraft:stick":3,"minecraft:dirt":5,"tombstone:grave_key":1,"tombstone:grave_dust":3,"minecraft:glistering_melon_slice":1,"minecraft:string":2},"minecraft:custom":{"minecraft:interact_with_furnace":18,"minecraft:mob_kills":14,"minecraft:interact_with_crafting_table":22,"minecraft:open_barrel":5,"minecraft:eat_cake_slice":7,"minecraft:leave_game":3,"minecraft:time_since_death":13994,"minecraft:sleep_in_bed":1,"minecraft:climb_one_cm":18,"minecraft:time_since_rest":13459,"minecraft:sprint_one_cm":159790,"minecraft:damage_taken":1973,"minecraft:walk_one_cm":90077,"minecraft:trigger_trapped_chest":1,"minecraft:drop":15,"minecraft:damage_dealt":2518,"minecraft:swim_one_cm":21194,"minecraft:fly_one_cm":472641,"minecraft:open_chest":12,"minecraft:crouch_one_cm":7932,"minecraft:play_time":53818,"tombstone:undead_killed":5,"minecraft:deaths":5,"minecraft:sneak_time":2423,"minecraft:walk_under_water_one_cm":1069,"minecraft:jump":1735,"minecraft:walk_on_water_one_cm":2543,"minecraft:total_world_time":53818,"minecraft:fall_one_cm":57594},"minecraft:crafted":{"minecraft:cooked_beef":9,"minecraft:oak_planks":8,"minecraft:crafting_table":3,"minecraft:wooden_pickaxe":1,"ecologics:walnut_planks":20,"minecraft:iron_sword":1,"minecraft:furnace":2,"minecraft:stone_axe":1,"minecraft:air":0,"tombstone:grave_key":1,"minecraft:stick":8,"minecraft:iron_ingot":16,"minecraft:iron_pickaxe":1,"minecraft:stone_pickaxe":1,"minecraft:stone_sword":1,"minecraft:gold_ingot":32},"minecraft:killed":{"undead_revamp2:the_moonflower":1,"minecraft:spider":1,"undead_revamp2:thesmoker":1,"undead_revamp2:thebeartamer":1,"iceandfire:ghost":2,"alexsmobs:bison":4,"earthmobsmod:albino_cow":4},"minecraft:killed_by":{"iceandfire:ghost":2}},"DataVersion":3465}