{"stats":{"minecraft:picked_up":{"ecologics:walnut":1,"ecologics:walnut_log":3,"iceandfire:podium_spruce":1,"minecraft:leather":7,"earthmobsmod:fancy_egg":3,"alexsmobs:bison_fur":4,"minecraft:oak_log":2,"minecraft:string":1,"minecraft:dirt":8,"minecraft:red_nether_bricks":1,"minecraft:armor_stand":2,"minecraft:rotten_flesh":2,"iceandfire:bestiary":1,"minecraft:pumpkin_pie":2,"minecraft:gold_nugget":18,"minecraft:spruce_planks":4,"minecraft:beef":36,"minecraft:mutton":3,"minecraft:sugar_cane":30,"minecraft:coal":29,"minecraft:cobblestone":16},"minecraft:used":{"minecraft:armor_stand":2,"minecraft:stone_pickaxe":5,"minecraft:oak_planks":8,"minecraft:wooden_pickaxe":13,"earthmobsmod:fancy_egg":3,"minecraft:stone_axe":37,"minecraft:dirt":3,"minecraft:crafting_table":1,"minecraft:mushroom_stew":1,"minecraft:furnace":1,"alexsmobs:animal_dictionary":3,"tombstone:gift":2,"minecraft:pumpkin_pie":6,"minecraft:cooked_beef":2,"minecraft:cake":2},"minecraft:mined":{"minecraft:furnace":1,"minecraft:dark_oak_log":2,"minecraft:vine":4,"minecraft:grass":2,"minecraft:grass_block":9,"minecraft:oak_log":2,"ecologics:walnut_leaves":3,"iceandfire:gold_pile":3,"minecraft:tall_grass":1,"ecologics:walnut_log":3,"iceandfire:podium_spruce":1,"minecraft:stone":16,"placeablesmod:pumpkin_pie_block_1":2,"minecraft:sugar_cane":16,"minecraft:cake":1},"minecraft:dropped":{"minecraft:leather":5,"minecraft:glistering_melon_slice":1},"minecraft:custom":{"minecraft:time_since_rest":22690,"minecraft:interact_with_furnace":6,"minecraft:sprint_one_cm":98051,"minecraft:damage_taken":901,"minecraft:walk_one_cm":55989,"minecraft:mob_kills":10,"minecraft:drop":2,"minecraft:damage_dealt":2050,"minecraft:swim_one_cm":8910,"minecraft:interact_with_crafting_table":5,"minecraft:fly_one_cm":271934,"minecraft:open_barrel":5,"tombstone:undead_killed":1,"minecraft:open_chest":4,"minecraft:play_time":31648,"minecraft:crouch_one_cm":6013,"minecraft:sneak_time":1955,"minecraft:deaths":1,"minecraft:walk_under_water_one_cm":694,"minecraft:jump":1041,"minecraft:eat_cake_slice":7,"minecraft:leave_game":1,"minecraft:time_since_death":24645,"minecraft:walk_on_water_one_cm":1451,"minecraft:sleep_in_bed":1,"minecraft:total_world_time":31648,"minecraft:fall_one_cm":33736},"minecraft:crafted":{"minecraft:cooked_beef":9,"minecraft:oak_planks":8,"minecraft:crafting_table":1,"minecraft:stick":8,"minecraft:wooden_pickaxe":1,"ecologics:walnut_planks":12,"minecraft:stone_pickaxe":1,"minecraft:furnace":1,"minecraft:stone_axe":1,"minecraft:air":0},"minecraft:killed":{"alexsmobs:bison":4,"minecraft:spider":1,"undead_revamp2:thesmoker":1,"earthmobsmod:albino_cow":4}},"DataVersion":3465}