{"stats":{"minecraft:picked_up":{"minecraft:crafting_table":6,"ecologics:walnut":1,"minecraft:leather":7,"earthmobsmod:fancy_egg":3,"alexsmobs:bison_fur":4,"minecraft:oak_log":2,"minecraft:string":9,"minecraft:dirt":13,"minecraft:stone_stairs":1,"minecraft:red_nether_bricks":1,"minecraft:armor_stand":2,"minecraft:bone":22,"undead_revamp2:blacpetalblock":1,"iceandfire:bestiary":1,"minecraft:gold_nugget":275,"minecraft:spruce_planks":4,"minecraft:beef":36,"minecraft:sugar_cane":30,"minecraft:oak_planks":13,"minecraft:furnace":2,"minecraft:stick":5,"minecraft:raw_iron":16,"minecraft:stripped_mangrove_wood":1,"ecologics:walnut_log":5,"iceandfire:podium_spruce":1,"minecraft:bowl":1,"luminousworld:sunset_petunias":3,"tombstone:grave_dust":8,"minecraft:mossy_cobblestone":1,"undead_revamp2:cloogerribs":44,"minecraft:arrow":2,"minecraft:rotten_flesh":4,"minecraft:slime_ball":12,"minecraft:pumpkin_pie":2,"minecraft:mutton":3,"minecraft:coal":88,"minecraft:cobblestone":29},"minecraft:used":{"minecraft:stone_sword":12,"minecraft:armor_stand":2,"minecraft:stone_pickaxe":82,"minecraft:oak_planks":8,"minecraft:red_nether_bricks":1,"minecraft:wooden_pickaxe":13,"minecraft:iron_sword":37,"earthmobsmod:fancy_egg":3,"minecraft:dirt":8,"minecraft:crafting_table":8,"minecraft:mushroom_stew":1,"minecraft:cake":2,"minecraft:iron_pickaxe":17,"tombstone:grave_key":3,"minecraft:stone_axe":49,"minecraft:furnace":3,"tombstone:gift":4,"alexsmobs:animal_dictionary":3,"minecraft:pumpkin_pie":6,"minecraft:cooked_beef":11},"minecraft:mined":{"minecraft:mossy_cobblestone":2,"minecraft:dark_oak_log":2,"minecraft:crafting_table":6,"minecraft:grass_block":9,"ecologics:walnut_leaves":3,"minecraft:tall_grass":1,"minecraft:sugar_cane":16,"minecraft:oak_planks":1,"minecraft:stone_stairs":1,"luminousworld:sunset_petunias":1,"minecraft:furnace":3,"minecraft:iron_ore":16,"minecraft:grass":3,"minecraft:coal_ore":28,"minecraft:oak_log":2,"iceandfire:gold_pile":30,"minecraft:vine":4,"ecologics:walnut_log":5,"placeablesmod:pumpkin_pie_block_1":2,"minecraft:stone":33,"minecraft:stripped_mangrove_wood":1,"iceandfire:podium_spruce":1,"minecraft:oak_leaves":1,"minecraft:cake":1},"minecraft:dropped":{"luminousworld:sunset_petunias":3,"minecraft:bowl":2,"minecraft:beetroot":4,"minecraft:rotten_flesh":2,"minecraft:oak_planks":2,"minecraft:leather":5,"minecraft:stick":3,"minecraft:dirt":5,"tombstone:grave_key":1,"tombstone:grave_dust":6,"minecraft:glistering_melon_slice":1,"undead_revamp2:blacpetalblock":1,"minecraft:string":2},"minecraft:custom":{"minecraft:interact_with_furnace":24,"minecraft:mob_kills":17,"minecraft:interact_with_crafting_table":26,"minecraft:open_barrel":5,"minecraft:eat_cake_slice":7,"minecraft:leave_game":3,"minecraft:time_since_death":25994,"minecraft:sleep_in_bed":1,"minecraft:climb_one_cm":1237,"minecraft:time_since_rest":25459,"minecraft:sprint_one_cm":186217,"minecraft:damage_taken":2162,"minecraft:walk_one_cm":106506,"minecraft:trigger_trapped_chest":1,"minecraft:drop":18,"minecraft:damage_dealt":4690,"minecraft:swim_one_cm":25343,"minecraft:fly_one_cm":556797,"minecraft:open_chest":12,"minecraft:crouch_one_cm":7997,"minecraft:play_time":65818,"tombstone:undead_killed":8,"minecraft:deaths":5,"minecraft:sneak_time":2488,"minecraft:walk_under_water_one_cm":1323,"minecraft:jump":2095,"minecraft:walk_on_water_one_cm":3654,"minecraft:total_world_time":65818,"minecraft:fall_one_cm":69475},"minecraft:crafted":{"minecraft:cooked_beef":14,"minecraft:oak_planks":8,"sophisticatedbackpacks:backpack":1,"minecraft:crafting_table":3,"minecraft:wooden_pickaxe":1,"ecologics:walnut_planks":20,"minecraft:iron_sword":1,"minecraft:furnace":2,"sophisticatedbackpacks:gold_backpack":1,"minecraft:stone_axe":1,"minecraft:air":0,"tombstone:grave_key":1,"minecraft:stick":8,"quark:oak_chest":1,"minecraft:iron_ingot":16,"minecraft:iron_pickaxe":1,"minecraft:stone_pickaxe":1,"minecraft:stone_sword":1,"minecraft:gold_ingot":32,"sophisticatedbackpacks:iron_backpack":1},"minecraft:killed":{"enemyexpansion:starved":1,"undead_revamp2:the_moonflower":1,"minecraft:spider":1,"undead_revamp2:clogger":1,"undead_revamp2:thesmoker":1,"undead_revamp2:thebeartamer":1,"undead_revamp2:deadclogger":1,"iceandfire:ghost":2,"alexsmobs:bison":4,"earthmobsmod:albino_cow":4},"minecraft:killed_by":{"iceandfire:ghost":2}},"DataVersion":3465}