{"stats":{"minecraft:broken":{"aether:golden_gloves":1,"minecraft:leather_leggings":1,"minecraft:iron_sword":1},"minecraft:picked_up":{"iceandfire:deathworm_egg":2,"minecraft:crafting_table":10,"minecraft:sandstone_slab":3,"earthmobsmod:fancy_egg":3,"minecraft:nether_brick":24,"minecraft:golden_sword":1,"minecraft:oak_trapdoor":1,"minecraft:string":9,"minecraft:stone_stairs":1,"minecraft:red_nether_bricks":3,"minecraft:iron_leggings":1,"minecraft:armor_stand":2,"iceandfire:bestiary":1,"minecraft:red_sand":1,"minecraft:gold_nugget":276,"minecraft:spruce_planks":5,"minecraft:beef":45,"minecraft:sugar_cane":33,"minecraft:iron_boots":2,"minecraft:furnace":2,"iceandfire:dragonbone":8,"minecraft:sandstone":28,"minecraft:stick":11,"minecraft:raw_iron":17,"minecraft:stripped_mangrove_wood":1,"minecraft:acacia_fence":1,"ecologics:walnut_log":5,"iceandfire:deathworm_chitin_red":13,"minecraft:torch":4,"minecraft:bowl":1,"minecraft:sandstone_wall":1,"minecraft:porkchop":4,"minecraft:cookie":5,"tombstone:grave_dust":11,"iceandfire:deathworm_chitin_white":10,"alexsmobs:crocodile_scute":1,"minecraft:golden_chestplate":1,"minecraft:rabbit_foot":1,"minecraft:blue_carpet":1,"artifacts:everlasting_beef":1,"undead_revamp2:cloogerribs":44,"minecraft:tnt":1,"minecraft:arrow":2,"minecraft:rotten_flesh":47,"minecraft:pumpkin_pie":2,"minecraft:jungle_stairs":1,"minecraft:nether_bricks":8,"iceandfire:deathworm_chitin_yellow":16,"minecraft:hay_block":10,"minecraft:yellow_terracotta":2,"minecraft:blaze_rod":13,"born_in_chaos_v1:trident_hayfork":2,"minecraft:mutton":3,"minecraft:cobblestone":55,"born_in_chaos_v1:corpse_maggot":1,"ecologics:walnut":1,"minecraft:lilac":1,"minecraft:cut_sandstone":1,"minecraft:leather":13,"alexsmobs:bison_fur":4,"minecraft:oak_log":2,"minecraft:chainmail_chestplate":1,"minecraft:dirt":32,"minecraft:orange_terracotta":2,"minecraft:bone":24,"undead_revamp2:blacpetalblock":1,"minecraft:bow":1,"minecraft:rabbit_hide":4,"minecraft:rabbit":2,"minecraft:oak_planks":13,"minecraft:iron_sword":3,"iceandfire:podium_spruce":1,"minecraft:cracked_nether_bricks":2,"luminousworld:sunset_petunias":3,"minecraft:sand":4,"minecraft:nether_brick_stairs":1,"minecraft:jungle_slab":1,"minecraft:chiseled_sandstone":9,"minecraft:mossy_cobblestone":1,"minecraft:bundle":1,"minecraft:yellow_carpet":1,"minecraft:slime_ball":14,"born_in_chaos_v1:fire_dust":2,"minecraft:emerald":1,"minecraft:bread":38,"minecraft:chainmail_helmet":1,"minecraft:terracotta":6,"minecraft:netherrack":3,"minecraft:coal":88},"minecraft:used":{"undead_revamp2:clogggerribswithbun":32,"minecraft:stone_sword":12,"minecraft:flint_and_steel":4,"minecraft:armor_stand":2,"minecraft:iron_sword":316,"earthmobsmod:fancy_egg":3,"minecraft:dirt":27,"minecraft:nether_bricks":8,"minecraft:stone_stairs":1,"minecraft:furnace":3,"tombstone:gift":7,"minecraft:cooked_beef":12,"iceandfire:deathworm_yellow_helmet":1,"born_in_chaos_v1:trident_hayfork":11,"minecraft:stone_pickaxe":82,"minecraft:red_nether_bricks":1,"minecraft:oak_planks":8,"minecraft:wooden_pickaxe":13,"minecraft:sandstone":4,"minecraft:cookie":3,"minecraft:mossy_cobblestone":1,"minecraft:terracotta":3,"minecraft:crafting_table":12,"minecraft:mushroom_stew":1,"minecraft:cake":2,"minecraft:chiseled_sandstone":9,"minecraft:iron_pickaxe":68,"tombstone:magic_scroll":1,"tombstone:grave_key":3,"minecraft:stone_axe":69,"minecraft:cobblestone":1,"minecraft:pumpkin_pie":6,"alexsmobs:animal_dictionary":3},"minecraft:mined":{"minecraft:yellow_terracotta":2,"minecraft:blue_carpet":1,"minecraft:spruce_planks":1,"minecraft:mossy_cobblestone":2,"minecraft:jungle_slab":1,"minecraft:dark_oak_log":2,"minecraft:red_nether_bricks":2,"minecraft:nether_bricks":8,"minecraft:red_sand":1,"minecraft:grass_block":9,"minecraft:yellow_carpet":1,"minecraft:cracked_nether_bricks":2,"minecraft:sandstone":7,"minecraft:spawner":5,"minecraft:hay_block":9,"luminousworld:sunset_petunias":1,"minecraft:oak_trapdoor":1,"minecraft:furnace":3,"minecraft:fire":1,"minecraft:iron_ore":17,"minecraft:chiseled_sandstone":1,"minecraft:nether_brick_stairs":1,"minecraft:vine":4,"iceandfire:gold_pile":30,"ecologics:walnut_log":5,"minecraft:stripped_mangrove_wood":1,"minecraft:stone":33,"iceandfire:podium_spruce":1,"minecraft:cake":1,"minecraft:sandstone_slab":3,"minecraft:cut_sandstone":1,"minecraft:orange_terracotta":2,"minecraft:crafting_table":10,"minecraft:torch":3,"minecraft:jungle_stairs":1,"ecologics:walnut_leaves":3,"minecraft:dead_bush":2,"minecraft:tall_grass":2,"minecraft:oak_planks":1,"minecraft:sugar_cane":18,"minecraft:bricks":1,"minecraft:stone_stairs":1,"minecraft:brick_slab":1,"minecraft:tnt":1,"minecraft:grass":4,"minecraft:oak_log":2,"minecraft:coal_ore":28,"minecraft:acacia_fence":1,"minecraft:sand":2,"minecraft:sandstone_wall":1,"minecraft:terracotta":6,"placeablesmod:pumpkin_pie_block_1":2,"minecraft:netherrack":1,"minecraft:oak_leaves":4},"minecraft:custom":{"minecraft:mob_kills":82,"minecraft:interact_with_crafting_table":35,"minecraft:open_barrel":41,"minecraft:damage_dealt_resisted":244,"minecraft:eat_cake_slice":7,"minecraft:leave_game":4,"minecraft:time_since_death":4873,"minecraft:climb_one_cm":6604,"minecraft:damage_resisted":21,"minecraft:sprint_one_cm":425715,"minecraft:walk_one_cm":333172,"minecraft:drop":38,"minecraft:play_time":147613,"minecraft:sneak_time":5703,"minecraft:deaths":9,"minecraft:walk_under_water_one_cm":7329,"minecraft:jump":4334,"minecraft:interact_with_blast_furnace":1,"minecraft:walk_on_water_one_cm":10409,"minecraft:total_world_time":147613,"minecraft:interact_with_furnace":24,"minecraft:sleep_in_bed":2,"minecraft:time_since_rest":3191,"minecraft:damage_taken":7530,"minecraft:trigger_trapped_chest":2,"minecraft:damage_dealt":14208,"minecraft:swim_one_cm":46516,"minecraft:fly_one_cm":1070217,"minecraft:open_chest":62,"minecraft:crouch_one_cm":20969,"tombstone:undead_killed":28,"minecraft:fall_one_cm":137327},"minecraft:dropped":{"minecraft:iron_sword":1,"luminousworld:sunset_petunias":3,"minecraft:sandstone_slab":1,"minecraft:leather":5,"minecraft:emerald":1,"minecraft:stick":3,"minecraft:jungle_slab":1,"minecraft:dirt":5,"tombstone:grave_key":1,"minecraft:cut_sandstone":1,"tombstone:grave_dust":6,"born_in_chaos_v1:trident_hayfork":1,"minecraft:sand":3,"minecraft:glistering_melon_slice":1,"undead_revamp2:blacpetalblock":1,"minecraft:string":2,"minecraft:bowl":2,"minecraft:wheat":2,"minecraft:beetroot":4,"minecraft:rotten_flesh":35,"minecraft:oak_planks":2,"minecraft:chainmail_chestplate":1,"minecraft:leather_chestplate":1,"minecraft:orange_terracotta":2,"minecraft:jungle_stairs":1,"minecraft:leather_boots":2,"minecraft:red_sand":1,"minecraft:acacia_fence":1,"minecraft:terracotta":3},"minecraft:crafted":{"minecraft:oak_planks":8,"iceandfire:deathworm_white_boots":1,"iceandfire:deathworm_yellow_chestplate":1,"ecologics:walnut_planks":20,"minecraft:furnace":2,"iceandfire:deathworm_red_leggings":1,"tombstone:grave_key":1,"minecraft:stone_pickaxe":1,"iceandfire:deathworm_yellow_helmet":1,"minecraft:wheat":180,"iceandfire:deathworm_red_boots":1,"sophisticatedbackpacks:iron_backpack":1,"minecraft:cooked_beef":14,"sophisticatedbackpacks:backpack":1,"minecraft:crafting_table":3,"minecraft:wooden_pickaxe":1,"minecraft:iron_sword":1,"sophisticatedbackpacks:gold_backpack":1,"undead_revamp2:clogggerribswithbun":44,"minecraft:hay_block":10,"minecraft:stone_axe":1,"minecraft:bread":40,"minecraft:air":0,"minecraft:stick":8,"quark:oak_chest":1,"minecraft:iron_ingot":16,"minecraft:iron_pickaxe":1,"minecraft:stone_sword":1,"minecraft:gold_ingot":32},"minecraft:killed":{"naturalist:rattlesnake":1,"minecraft:zombified_piglin":1,"earthmobsmod:jumbo_rabbit":1,"born_in_chaos_v1:skeleton_demoman":1,"minecraft:spider":2,"undead_revamp2:clogger":1,"undead_revamp2:thesmoker":1,"enemyexpansion:direwolf":1,"minecraft:slime":3,"born_in_chaos_v1:maggot":3,"undead_revamp2:deadclogger":1,"friendsandfoes:mauler":1,"stalwart_dungeons:nether_wart_cocoon":3,"alexsmobs:bison":4,"iceandfire:deathworm":8,"earthmobsmod:albino_cow":4,"enemyexpansion:starved":2,"minecraft:husk":13,"born_in_chaos_v1:bone_imp":1,"stalwart_dungeons:giddy_blaze":13,"undead_revamp2:the_moonflower":2,"undead_revamp2:thebeartamer":1,"born_in_chaos_v1:decrepit_skeleton":1,"alexsmobs:crocodile":1,"iceandfire:ghost":2,"enemyexpansion:botfly":3,"alexsmobs:roadrunner":1,"born_in_chaos_v1:door_knight":1,"minecraft:cow":4},"minecraft:killed_by":{"minecraft:husk":1,"minecraft:zombified_piglin":1,"minecraft:slime":1,"iceandfire:lightning_dragon":1,"iceandfire:ghost":2}},"DataVersion":3465}