{"stats":{"minecraft:picked_up":{"minecraft:dirt":3,"minecraft:oak_log":2},"minecraft:used":{"tombstone:gift":2,"alexsmobs:animal_dictionary":3},"minecraft:mined":{"minecraft:oak_log":2},"minecraft:custom":{"minecraft:jump":166,"minecraft:open_chest":4,"minecraft:time_since_rest":1362,"minecraft:damage_dealt":10,"minecraft:deaths":1,"minecraft:crouch_one_cm":51,"minecraft:damage_taken":305,"minecraft:sprint_one_cm":29470,"minecraft:play_time":8639,"minecraft:time_since_death":1636,"minecraft:walk_one_cm":16912,"minecraft:sneak_time":10,"minecraft:total_world_time":8639,"minecraft:fall_one_cm":4664,"minecraft:fly_one_cm":39046}},"DataVersion":3465}