{"stats":{"minecraft:picked_up":{"minecraft:stick":9,"minecraft:crafting_table":1,"minecraft:golden_carrot":8,"minecraft:flint":3,"minecraft:oak_log":63,"aether:golden_gloves":1,"minecraft:golden_sword":1,"minecraft:dirt":2,"minecraft:apple":2,"minecraft:gold_nugget":20,"minecraft:iron_nugget":10,"minecraft:oak_sapling":15,"minecraft:chest":1,"minecraft:cobblestone":8},"minecraft:used":{"minecraft:apple":1,"minecraft:wooden_pickaxe":8,"minecraft:stone_axe":66,"minecraft:crafting_table":1},"minecraft:mined":{"minecraft:podzol":1,"minecraft:crafting_table":1,"minecraft:grass_block":1,"minecraft:oak_log":66,"minecraft:chest":1,"minecraft:stone":8,"minecraft:oak_leaves":4},"minecraft:dropped":{"minecraft:wooden_pickaxe":1},"minecraft:custom":{"minecraft:time_since_rest":13136,"minecraft:sprint_one_cm":31747,"minecraft:damage_taken":30,"minecraft:walk_one_cm":18084,"minecraft:drop":1,"minecraft:interact_with_crafting_table":2,"minecraft:fly_one_cm":219887,"minecraft:open_chest":1,"minecraft:play_time":13136,"minecraft:sneak_time":303,"minecraft:walk_under_water_one_cm":490,"minecraft:jump":79,"minecraft:leave_game":1,"minecraft:walk_on_water_one_cm":786,"minecraft:time_since_death":13136,"minecraft:total_world_time":13136,"minecraft:climb_one_cm":688,"minecraft:fall_one_cm":1978},"minecraft:crafted":{"minecraft:oak_planks":20,"minecraft:crafting_table":1,"minecraft:stick":8,"minecraft:wooden_pickaxe":1,"minecraft:stone_pickaxe":1,"minecraft:stone_sword":1,"minecraft:gold_ingot":2,"minecraft:stone_axe":1}},"DataVersion":3465}