{"stats":{"minecraft:picked_up":{"minecraft:crafting_table":1,"minecraft:feather":2,"minecraft:golden_carrot":8,"minecraft:leather":4,"minecraft:flint":3,"minecraft:oak_log":65,"minecraft:golden_sword":1,"minecraft:string":30,"minecraft:dirt":3,"minecraft:lantern":3,"minecraft:raw_copper":41,"minecraft:item_frame":2,"minecraft:apple":2,"minecraft:wheat_seeds":1,"minecraft:gold_nugget":20,"minecraft:iron_ingot":2,"luminousworld:elephant_grass":2,"minecraft:iron_nugget":10,"minecraft:coal_block":9,"minecraft:chest":1,"minecraft:oak_planks":1,"minecraft:iron_sword":1,"minecraft:furnace":3,"minecraft:book":18,"minecraft:stick":9,"minecraft:raw_iron":2,"minecraft:torch":4,"minecraft:porkchop":14,"minecraft:stone_button":2,"aether:golden_gloves":1,"minecraft:white_bed":1,"minecraft:stone_pressure_plate":3,"minecraft:rotten_flesh":2,"iceandfire:lectern":1,"luminousworld:blueberry":22,"minecraft:iron_block":1,"mowziesmobs:umvuthana_mask_fear":1,"minecraft:gold_ingot":2,"minecraft:oak_sapling":15,"alexsmobs:kangaroo_meat":2,"minecraft:coal":50,"iceandfire:raw_silver":2,"minecraft:cobblestone":14},"minecraft:used":{"minecraft:stone_pickaxe":72,"minecraft:wooden_pickaxe":8,"minecraft:iron_sword":46,"minecraft:torch":21,"minecraft:crafting_table":2,"minecraft:apple":1,"luminousworld:blueberry":2,"minecraft:bread":3,"minecraft:iron_boots":1,"minecraft:stone_axe":84,"minecraft:golden_sword":28,"minecraft:golden_carrot":6,"minecraft:oak_boat":1},"minecraft:mined":{"minecraft:podzol":2,"minecraft:white_bed":1,"iceandfire:silver_ore":2,"minecraft:mossy_cobblestone":1,"luminousworld:blueberrybush":1,"minecraft:jungle_leaves":3,"luminousworld:mossbuds_1":1,"minecraft:crafting_table":1,"minecraft:torch":2,"minecraft:grass_block":1,"minecraft:chest":1,"iceandfire:lectern":1,"minecraft:tall_grass":1,"minecraft:coal_block":9,"minecraft:copper_ore":12,"minecraft:spruce_leaves":5,"minecraft:wall_torch":1,"minecraft:large_fern":3,"minecraft:furnace":4,"minecraft:iron_ore":2,"minecraft:fire":3,"minecraft:grass":2,"minecraft:bookshelf":6,"minecraft:oak_log":68,"minecraft:coal_ore":29,"minecraft:iron_bars":5,"minecraft:dirt":1,"minecraft:cobweb":30,"minecraft:stone":14,"minecraft:iron_block":1,"luminousworld:elephant_grass":2,"minecraft:oak_leaves":4,"minecraft:fern":1},"minecraft:dropped":{"minecraft:wheat_seeds":1,"minecraft:oak_log":15,"minecraft:stone_sword":1,"minecraft:cobblestone":6,"minecraft:oak_planks":1,"minecraft:iron_boots":1,"minecraft:dirt":3,"minecraft:stone_button":2,"minecraft:leather_boots":1,"minecraft:stone_pressure_plate":3,"luminousworld:elephant_grass":2,"minecraft:wooden_pickaxe":1},"minecraft:custom":{"minecraft:interact_with_furnace":3,"minecraft:mob_kills":11,"minecraft:interact_with_crafting_table":5,"minecraft:leave_game":1,"minecraft:time_since_death":49136,"minecraft:sleep_in_bed":3,"minecraft:climb_one_cm":1517,"minecraft:time_since_rest":9594,"minecraft:sprint_one_cm":195450,"minecraft:damage_taken":591,"minecraft:walk_one_cm":85370,"minecraft:drop":12,"minecraft:damage_dealt":1543,"minecraft:swim_one_cm":18220,"minecraft:fly_one_cm":366829,"minecraft:open_chest":15,"tombstone:undead_killed":1,"minecraft:play_time":49136,"minecraft:sneak_time":389,"minecraft:walk_under_water_one_cm":1231,"minecraft:boat_one_cm":105570,"minecraft:jump":796,"minecraft:walk_on_water_one_cm":5905,"minecraft:total_world_time":49136,"minecraft:fall_one_cm":22517},"minecraft:crafted":{"minecraft:oak_planks":20,"minecraft:crafting_table":1,"minecraft:wooden_pickaxe":1,"minecraft:stone_axe":1,"minecraft:oak_boat":1,"minecraft:iron_chestplate":1,"minecraft:stick":8,"minecraft:iron_ingot":9,"minecraft:stone_pickaxe":1,"minecraft:stone_sword":1,"minecraft:gold_ingot":2,"minecraft:torch":40},"minecraft:killed":{"born_in_chaos_v1:barrel_zombie":1,"minecraft:pig":4,"minecraft:horse":1,"alexsmobs:kangaroo":1,"mowziesmobs:umvuthana":4}},"DataVersion":3465}