{"stats":{"minecraft:broken":{"mowziesmobs:umvuthana_mask_fear":1,"aether:golden_gloves":1,"minecraft:golden_sword":1,"minecraft:iron_sword":1},"minecraft:picked_up":{"minecraft:wheat":1,"minecraft:chainmail_boots":1,"endrem:corrupted_eye":1,"minecraft:enchanted_book":1,"minecraft:nether_brick":1,"minecraft:golden_sword":1,"minecraft:string":37,"minecraft:raw_copper":41,"minecraft:red_nether_bricks":1,"minecraft:beetroot":1,"alexsmobs:emu_feather":1,"minecraft:gold_nugget":20,"minecraft:rose_bush":1,"minecraft:calcite":5,"quark:black_shard":5,"minecraft:iron_pickaxe":1,"minecraft:coal_block":9,"minecraft:furnace":5,"minecraft:stick":9,"minecraft:torch":16,"minecraft:spruce_stairs":2,"minecraft:porkchop":16,"aether:golden_gloves":1,"minecraft:rabbit_foot":3,"minecraft:rotten_flesh":23,"minecraft:iron_block":1,"minecraft:blaze_rod":1,"minecraft:cobblestone":36,"minecraft:leather_chestplate":1,"luminousworld:savannah_ground":1,"minecraft:feather":2,"minecraft:potato":90,"minecraft:flint":3,"born_in_chaos_v1:black_argillite_button":1,"minecraft:map":1,"minecraft:dirt":11,"minecraft:lantern":4,"minecraft:bone":4,"undead_revamp2:blacpetalblock":1,"minecraft:bow":1,"minecraft:wheat_seeds":3,"luminousworld:elephant_grass":2,"minecraft:oak_planks":1,"minecraft:cooked_porkchop":1,"ecologics:prickly_pear":1,"luminousworld:creepberries":14,"iceandfire:dragon_skull_fire":1,"minecraft:sand":6,"minecraft:ink_sac":4,"minecraft:chiseled_sandstone":1,"minecraft:blue_terracotta":1,"born_in_chaos_v1:fire_dust":3,"iceandfire:lectern":1,"luminousworld:blueberry":22,"minecraft:oak_sapling":15,"minecraft:netherrack":30,"iceandfire:raw_silver":3,"minecraft:crafting_table":1,"minecraft:allium":2,"iceandfire:witherbone":1,"minecraft:clay_ball":3,"minecraft:leather_leggings":2,"minecraft:gold_block":1,"minecraft:item_frame":3,"minecraft:cyan_carpet":1,"minecraft:beef":1,"minecraft:iron_nugget":20,"minecraft:poppy":2,"minecraft:chest":1,"minecraft:raw_iron":16,"minecraft:stripped_mangrove_wood":7,"iceandfire:dragonbone":7,"minecraft:stone_button":2,"iceandfire:deathworm_chitin_white":4,"iceandfire:deathworm_egg_giant":1,"minecraft:stone_pressure_plate":3,"minecraft:dark_oak_planks":1,"minecraft:arrow":5,"minecraft:beetroot_seeds":3,"minecraft:hay_block":56,"minecraft:sandstone_stairs":1,"minecraft:glistering_melon_slice":1,"minecraft:gold_ingot":2,"alexsmobs:kangaroo_meat":2,"born_in_chaos_v1:corpse_maggot":2,"minecraft:golden_carrot":8,"minecraft:cut_sandstone":6,"minecraft:leather":16,"minecraft:oak_log":66,"minecraft:waxed_copper_block":2,"tombstone:gift":1,"minecraft:red_nether_brick_stairs":1,"minecraft:apple":2,"minecraft:gray_carpet":5,"minecraft:rabbit_hide":6,"minecraft:iron_ingot":7,"born_in_chaos_v1:chipped_black_argillite_brick":1,"tombstone:bag_of_seeds":2,"luminousworld:white_petunias":1,"minecraft:iron_sword":2,"minecraft:scaffolding":30,"minecraft:book":18,"minecraft:amethyst_shard":1,"minecraft:blast_furnace":1,"minecraft:white_bed":1,"minecraft:nether_brick_slab":2,"mowziesmobs:umvuthana_mask_fear":1,"tombstone:magic_scroll":1,"minecraft:coal":118,"minecraft:ender_pearl":1},"minecraft:used":{"minecraft:iron_sword":400,"ecologics:prickly_pear":1,"luminousworld:blueberry":2,"minecraft:golden_sword":34,"minecraft:bow":12,"minecraft:hay_block":6,"minecraft:furnace":3,"minecraft:potato":2,"minecraft:diamond_boots":1,"minecraft:stone_pickaxe":98,"minecraft:mangrove_planks":8,"minecraft:oak_planks":60,"minecraft:ender_pearl":3,"minecraft:wooden_pickaxe":8,"artifacts:eternal_steak":3,"minecraft:sand":3,"minecraft:blast_furnace":1,"endrem:corrupted_eye":1,"luminousworld:creepberries":2,"minecraft:bread":51,"tombstone:grave_key":1,"minecraft:oak_boat":1,"minecraft:netherrack":3,"minecraft:torch":130,"minecraft:dirt":8,"minecraft:dark_oak_planks":1,"minecraft:iron_boots":1,"minecraft:golden_carrot":8,"tombstone:gift":4,"minecraft:water_bucket":10,"minecraft:crafting_table":5,"minecraft:book":1,"tombstone:bag_of_seeds":1,"minecraft:apple":16,"minecraft:iron_pickaxe":98,"minecraft:map":1,"minecraft:stone_axe":101,"minecraft:cobblestone":3,"minecraft:cooked_porkchop":14,"minecraft:bucket":10,"minecraft:pumpkin_pie":3},"minecraft:mined":{"luminousworld:white_petunias":1,"minecraft:dark_oak_planks":1,"minecraft:white_bed":1,"minecraft:jungle_leaves":5,"minecraft:red_nether_bricks":2,"minecraft:grass_block":3,"born_in_chaos_v1:dark_metal_deposit":1,"iceandfire:lectern":1,"minecraft:coal_block":9,"minecraft:sandstone_stairs":1,"minecraft:spawner":2,"minecraft:tall_seagrass":1,"minecraft:red_nether_brick_stairs":1,"minecraft:iron_ore":13,"minecraft:fire":4,"minecraft:iron_bars":5,"minecraft:smooth_sandstone_stairs":3,"minecraft:stripped_mangrove_wood":8,"minecraft:iron_block":1,"luminousworld:creepbush":14,"minecraft:cut_sandstone":7,"minecraft:torch":2,"minecraft:blast_furnace":1,"minecraft:calcite":5,"minecraft:chest":1,"minecraft:dead_bush":2,"minecraft:nether_brick_slab":2,"minecraft:cobblestone":2,"minecraft:wall_torch":1,"minecraft:blue_terracotta":1,"minecraft:waxed_copper_block":2,"born_in_chaos_v1:black_argillite_brick":1,"minecraft:grass":8,"minecraft:oak_log":70,"minecraft:beetroots":1,"minecraft:sand":5,"minecraft:dirt":7,"luminousworld:grassvariant_3":1,"minecraft:netherrack":32,"minecraft:oak_leaves":11,"luminousworld:savannah_ground":1,"minecraft:yellow_terracotta":2,"iceandfire:silver_ore":3,"minecraft:mossy_cobblestone":1,"luminousworld:mossbuds_1":1,"minecraft:ladder":4,"born_in_chaos_v1:black_argillite":1,"luminousworld:grassvariant_2":2,"minecraft:spruce_leaves":5,"minecraft:sandstone":3,"minecraft:large_fern":3,"minecraft:hay_block":57,"minecraft:furnace":6,"minecraft:polished_blackstone_button":1,"minecraft:chiseled_sandstone":1,"minecraft:gold_block":2,"minecraft:bookshelf":6,"minecraft:potatoes":23,"minecraft:stone":18,"minecraft:podzol":2,"minecraft:scaffolding":2,"minecraft:glass_pane":1,"luminousworld:blueberrybush":1,"minecraft:crafting_table":1,"minecraft:tall_grass":1,"minecraft:copper_ore":12,"born_in_chaos_v1:chipped_black_argillite_brick":1,"minecraft:spruce_stairs":3,"minecraft:purple_bed":2,"minecraft:polished_blackstone_stairs":1,"minecraft:birch_leaves":1,"minecraft:coal_ore":31,"minecraft:cobweb":38,"minecraft:polished_blackstone":2,"luminousworld:elephant_grass":2,"minecraft:fern":3},"minecraft:custom":{"minecraft:interact_with_crafting_table":9,"minecraft:open_barrel":21,"minecraft:eat_cake_slice":2,"minecraft:leave_game":8,"minecraft:time_since_death":11820,"minecraft:damage_resisted":28,"minecraft:sprint_one_cm":712148,"minecraft:drop":81,"minecraft:play_time":187090,"minecraft:deaths":8,"minecraft:jump":3526,"minecraft:walk_on_water_one_cm":14437,"minecraft:interact_with_furnace":29,"minecraft:sleep_in_bed":8,"minecraft:damage_dealt":14916,"minecraft:player_kills":1,"minecraft:crouch_one_cm":20628,"tombstone:undead_killed":30,"minecraft:inspect_dispenser":2,"minecraft:mob_kills":84,"minecraft:damage_dealt_resisted":20,"minecraft:climb_one_cm":13283,"minecraft:walk_one_cm":348017,"minecraft:target_hit":1,"minecraft:sneak_time":9159,"minecraft:walk_under_water_one_cm":18182,"minecraft:boat_one_cm":105570,"minecraft:total_world_time":187090,"minecraft:time_since_rest":10674,"minecraft:damage_taken":7442,"minecraft:trigger_trapped_chest":2,"tombstone:cast_on_ally":1,"minecraft:swim_one_cm":66369,"minecraft:fly_one_cm":1400981,"minecraft:open_chest":99,"minecraft:fall_one_cm":113132},"minecraft:dropped":{"iceandfire:raw_silver":1,"minecraft:stripped_mangrove_wood":5,"minecraft:oak_log":15,"minecraft:diamond":4,"luminousworld:white_petunias":1,"minecraft:sandstone_stairs":1,"minecraft:pitcher_pod":3,"minecraft:lantern":1,"minecraft:item_frame":1,"minecraft:dirt":3,"tombstone:bag_of_seeds":1,"minecraft:stone_button":2,"minecraft:pumpkin_pie":1,"minecraft:gold_nugget":2,"minecraft:amethyst_shard":1,"minecraft:glistering_melon_slice":1,"undead_revamp2:blacpetalblock":1,"minecraft:cyan_carpet":1,"quark:black_shard":5,"minecraft:stone_axe":1,"minecraft:iron_nugget":10,"minecraft:wheat":2,"tombstone:gift":1,"minecraft:beetroot":1,"minecraft:rotten_flesh":18,"minecraft:oak_planks":1,"minecraft:poppy":2,"minecraft:leather_chestplate":1,"supplementaries:flax_seeds":3,"supplementaries:ash":1,"born_in_chaos_v1:chipped_black_argillite_brick":1,"minecraft:beetroot_seeds":3,"minecraft:leather_boots":1,"iceandfire:deathworm_chitin_white":4,"minecraft:leather_leggings":1,"minecraft:red_nether_bricks":1,"minecraft:beef":1,"minecraft:bread":38,"minecraft:wheat_seeds":3,"endermanoverhaul:ancient_pearl":1,"minecraft:feather":2,"minecraft:cobblestone":9,"minecraft:apple":5,"minecraft:spruce_stairs":2,"minecraft:coal":3,"minecraft:ink_sac":4,"luminousworld:savannah_ground":1,"minecraft:rose_bush":1,"tombstone:grave_dust":3,"minecraft:string":1,"minecraft:gray_carpet":5,"minecraft:chiseled_sandstone":1,"minecraft:dandelion":1,"minecraft:nether_brick_slab":2,"minecraft:blue_terracotta":1,"minecraft:stone_sword":1,"minecraft:clay_ball":3,"minecraft:iron_boots":2,"minecraft:pumpkin_seeds":1,"minecraft:red_nether_brick_stairs":1,"minecraft:filled_map":1,"minecraft:allium":2,"minecraft:stone_pressure_plate":3,"luminousworld:elephant_grass":2,"minecraft:stone_pickaxe":1,"minecraft:wooden_pickaxe":1,"minecraft:calcite":5},"minecraft:crafted":{"minecraft:oak_planks":92,"sophisticatedbackpacks:copper_backpack":1,"tombstone:grave_key":2,"sophisticatedbackpacks:backpack":1,"minecraft:cooked_porkchop":13,"minecraft:crafting_table":4,"minecraft:wooden_pickaxe":1,"minecraft:iron_helmet":1,"minecraft:copper_ingot":18,"minecraft:iron_chestplate":1,"minecraft:stick":40,"minecraft:iron_ingot":9,"minecraft:stone_sword":1,"minecraft:gold_ingot":2,"artifacts:eternal_steak":1,"minecraft:coal":81,"minecraft:stone_pickaxe":1,"minecraft:wheat":207,"minecraft:mangrove_planks":8,"minecraft:stone_axe":1,"minecraft:air":0,"minecraft:bread":81,"minecraft:oak_boat":1,"minecraft:iron_leggings":1,"minecraft:torch":168},"minecraft:killed":{"earthmobsmod:jumbo_rabbit":3,"minecraft:skeleton":3,"luminousworld:ringlet":1,"alexsmobs:kangaroo":1,"minecraft:magma_cube":13,"minecraft:pig":6,"luminousworld:hollow":1,"stalwart_dungeons:giddy_blaze":2,"enemyexpansion:botfly":6,"born_in_chaos_v1:maggot":3,"minecraft:horse":5,"takesapillage:clay_golem":1,"stalwart_dungeons:nether_wart_cocoon":2,"mowziesmobs:umvuthana":4,"earthmobsmod:albino_cow":1,"born_in_chaos_v1:barrel_zombie":1,"minecraft:husk":21,"quark:foxhound":1,"minecraft:hoglin":1,"alexsmobs:emu":1,"iceandfire:ghost":1,"minecraft:wither_skeleton":3},"minecraft:killed_by":{"iceandfire:fire_dragon":1,"minecraft:husk":2,"iceandfire:deathworm":1,"iceandfire:ghost":1}},"DataVersion":3465}