{"stats":{"minecraft:broken":{"aether:golden_gloves":1,"minecraft:golden_sword":1},"minecraft:picked_up":{"minecraft:crafting_table":1,"minecraft:wheat":1,"minecraft:allium":2,"minecraft:clay_ball":3,"minecraft:leather_leggings":1,"minecraft:enchanted_book":1,"minecraft:golden_sword":1,"minecraft:string":30,"minecraft:raw_copper":41,"minecraft:red_nether_bricks":1,"minecraft:item_frame":3,"minecraft:cyan_carpet":1,"minecraft:gold_nugget":20,"minecraft:beef":1,"minecraft:rose_bush":1,"minecraft:calcite":5,"quark:black_shard":5,"minecraft:iron_nugget":20,"minecraft:poppy":2,"minecraft:iron_pickaxe":1,"minecraft:coal_block":9,"minecraft:chest":1,"minecraft:furnace":5,"minecraft:stick":9,"minecraft:raw_iron":13,"minecraft:stripped_mangrove_wood":7,"minecraft:torch":4,"minecraft:spruce_stairs":2,"minecraft:porkchop":16,"minecraft:stone_button":2,"aether:golden_gloves":1,"minecraft:stone_pressure_plate":3,"minecraft:rabbit_foot":3,"minecraft:dark_oak_planks":1,"minecraft:arrow":1,"minecraft:rotten_flesh":13,"minecraft:hay_block":23,"minecraft:iron_block":1,"minecraft:glistering_melon_slice":1,"minecraft:gold_ingot":2,"alexsmobs:kangaroo_meat":2,"minecraft:cobblestone":20,"luminousworld:savannah_ground":1,"minecraft:leather_chestplate":1,"minecraft:feather":2,"minecraft:golden_carrot":8,"minecraft:leather":15,"minecraft:flint":3,"minecraft:oak_log":66,"minecraft:waxed_copper_block":2,"minecraft:map":1,"minecraft:dirt":11,"minecraft:lantern":4,"minecraft:red_nether_brick_stairs":1,"minecraft:apple":2,"minecraft:gray_carpet":5,"minecraft:wheat_seeds":2,"minecraft:rabbit_hide":6,"minecraft:iron_ingot":7,"luminousworld:elephant_grass":2,"tombstone:bag_of_seeds":2,"minecraft:iron_sword":2,"minecraft:oak_planks":1,"minecraft:book":18,"minecraft:cooked_porkchop":1,"minecraft:amethyst_shard":1,"minecraft:blast_furnace":1,"minecraft:ink_sac":4,"minecraft:white_bed":1,"minecraft:nether_brick_slab":2,"iceandfire:lectern":1,"luminousworld:blueberry":22,"mowziesmobs:umvuthana_mask_fear":1,"minecraft:oak_sapling":15,"minecraft:coal":117,"iceandfire:raw_silver":3,"minecraft:ender_pearl":1},"minecraft:used":{"minecraft:iron_sword":139,"minecraft:torch":21,"minecraft:dirt":8,"minecraft:dark_oak_planks":1,"luminousworld:blueberry":2,"minecraft:iron_boots":1,"minecraft:golden_sword":34,"minecraft:golden_carrot":8,"minecraft:furnace":2,"tombstone:gift":3,"minecraft:diamond_boots":1,"minecraft:mangrove_planks":8,"minecraft:oak_planks":60,"minecraft:stone_pickaxe":98,"minecraft:ender_pearl":1,"minecraft:wooden_pickaxe":8,"minecraft:crafting_table":4,"minecraft:book":1,"tombstone:bag_of_seeds":1,"minecraft:apple":8,"minecraft:bread":5,"minecraft:iron_pickaxe":19,"tombstone:grave_key":1,"minecraft:stone_axe":101,"minecraft:cobblestone":3,"minecraft:cooked_porkchop":14,"minecraft:pumpkin_pie":3,"minecraft:oak_boat":1},"minecraft:mined":{"minecraft:dark_oak_planks":1,"minecraft:white_bed":1,"iceandfire:silver_ore":3,"minecraft:mossy_cobblestone":1,"minecraft:jungle_leaves":3,"minecraft:red_nether_bricks":2,"luminousworld:mossbuds_1":1,"minecraft:grass_block":3,"iceandfire:lectern":1,"minecraft:coal_block":9,"minecraft:spruce_leaves":5,"minecraft:large_fern":3,"minecraft:hay_block":23,"minecraft:tall_seagrass":1,"minecraft:furnace":6,"minecraft:red_nether_brick_stairs":1,"minecraft:iron_ore":13,"minecraft:fire":3,"minecraft:bookshelf":6,"minecraft:iron_bars":5,"minecraft:stripped_mangrove_wood":8,"minecraft:stone":18,"minecraft:iron_block":1,"minecraft:podzol":2,"minecraft:glass_pane":1,"luminousworld:blueberrybush":1,"minecraft:crafting_table":1,"minecraft:torch":2,"minecraft:blast_furnace":1,"minecraft:calcite":5,"minecraft:chest":1,"minecraft:nether_brick_slab":2,"minecraft:copper_ore":12,"minecraft:tall_grass":1,"minecraft:cobblestone":2,"minecraft:wall_torch":1,"minecraft:spruce_stairs":3,"minecraft:purple_bed":2,"minecraft:waxed_copper_block":2,"minecraft:grass":4,"minecraft:oak_log":70,"minecraft:coal_ore":31,"minecraft:dirt":7,"luminousworld:grassvariant_3":1,"minecraft:cobweb":30,"luminousworld:elephant_grass":2,"minecraft:oak_leaves":7,"minecraft:fern":1,"luminousworld:savannah_ground":1},"minecraft:dropped":{"minecraft:stripped_mangrove_wood":5,"minecraft:wheat_seeds":2,"minecraft:oak_log":15,"endermanoverhaul:ancient_pearl":1,"minecraft:pitcher_pod":3,"minecraft:cobblestone":9,"minecraft:lantern":1,"minecraft:apple":5,"minecraft:spruce_stairs":2,"minecraft:coal":1,"minecraft:dirt":3,"minecraft:stone_button":2,"minecraft:ink_sac":2,"minecraft:rose_bush":1,"minecraft:gold_nugget":2,"minecraft:pumpkin_pie":1,"minecraft:amethyst_shard":1,"minecraft:glistering_melon_slice":1,"minecraft:gray_carpet":5,"minecraft:cyan_carpet":1,"minecraft:dandelion":1,"quark:black_shard":5,"minecraft:nether_brick_slab":2,"minecraft:stone_axe":1,"minecraft:iron_nugget":10,"minecraft:stone_sword":1,"minecraft:wheat":1,"minecraft:rotten_flesh":8,"minecraft:clay_ball":3,"minecraft:oak_planks":1,"minecraft:iron_boots":2,"minecraft:pumpkin_seeds":1,"minecraft:red_nether_brick_stairs":1,"minecraft:poppy":2,"minecraft:leather_chestplate":1,"supplementaries:flax_seeds":3,"supplementaries:ash":1,"minecraft:allium":2,"minecraft:leather_boots":1,"minecraft:leather_leggings":1,"minecraft:stone_pressure_plate":3,"minecraft:red_nether_bricks":1,"luminousworld:elephant_grass":2,"minecraft:wooden_pickaxe":1,"minecraft:beef":1,"minecraft:stone_pickaxe":1},"minecraft:custom":{"minecraft:mob_kills":31,"minecraft:interact_with_crafting_table":8,"minecraft:open_barrel":4,"minecraft:damage_dealt_resisted":20,"minecraft:leave_game":4,"minecraft:time_since_death":10530,"minecraft:climb_one_cm":2543,"minecraft:sprint_one_cm":439440,"minecraft:walk_one_cm":190690,"minecraft:drop":51,"minecraft:play_time":105443,"minecraft:deaths":5,"minecraft:sneak_time":3476,"minecraft:walk_under_water_one_cm":10272,"minecraft:boat_one_cm":105570,"minecraft:jump":2096,"minecraft:walk_on_water_one_cm":11922,"minecraft:total_world_time":105443,"minecraft:interact_with_furnace":25,"minecraft:sleep_in_bed":5,"minecraft:time_since_rest":10088,"minecraft:damage_taken":3177,"minecraft:damage_dealt":6143,"minecraft:swim_one_cm":52250,"minecraft:fly_one_cm":745210,"minecraft:player_kills":1,"minecraft:open_chest":32,"minecraft:crouch_one_cm":6753,"tombstone:undead_killed":6,"minecraft:fall_one_cm":60213},"minecraft:crafted":{"minecraft:oak_planks":88,"sophisticatedbackpacks:copper_backpack":1,"tombstone:grave_key":2,"minecraft:stone_pickaxe":1,"minecraft:wheat":207,"sophisticatedbackpacks:backpack":1,"minecraft:cooked_porkchop":13,"minecraft:crafting_table":3,"minecraft:wooden_pickaxe":1,"minecraft:copper_ingot":18,"minecraft:mangrove_planks":8,"minecraft:stone_axe":1,"minecraft:bread":81,"minecraft:air":0,"minecraft:oak_boat":1,"minecraft:iron_chestplate":1,"minecraft:stick":8,"minecraft:iron_ingot":9,"minecraft:stone_sword":1,"minecraft:gold_ingot":2,"minecraft:torch":40},"minecraft:killed":{"earthmobsmod:jumbo_rabbit":3,"born_in_chaos_v1:maggot":1,"minecraft:skeleton":1,"minecraft:horse":5,"takesapillage:clay_golem":1,"alexsmobs:kangaroo":1,"mowziesmobs:umvuthana":4,"earthmobsmod:albino_cow":1,"born_in_chaos_v1:barrel_zombie":1,"minecraft:husk":4,"minecraft:pig":6},"minecraft:killed_by":{"minecraft:husk":2,"iceandfire:ghost":1,"iceandfire:fire_dragon":1}},"DataVersion":3465}