{"stats":{"minecraft:picked_up":{"minecraft:crafting_table":1,"minecraft:golden_carrot":8,"minecraft:leather":2,"minecraft:flint":3,"minecraft:oak_log":65,"minecraft:golden_sword":1,"minecraft:string":30,"minecraft:dirt":3,"minecraft:lantern":2,"minecraft:raw_copper":34,"minecraft:item_frame":2,"minecraft:apple":2,"minecraft:wheat_seeds":1,"minecraft:gold_nugget":20,"minecraft:iron_ingot":2,"minecraft:iron_nugget":10,"minecraft:coal_block":9,"minecraft:chest":1,"minecraft:oak_planks":1,"minecraft:iron_sword":1,"minecraft:furnace":3,"minecraft:stick":9,"minecraft:raw_iron":1,"minecraft:torch":4,"minecraft:porkchop":14,"minecraft:stone_button":2,"aether:golden_gloves":1,"minecraft:white_bed":1,"minecraft:stone_pressure_plate":3,"minecraft:rotten_flesh":2,"iceandfire:lectern":1,"luminousworld:blueberry":22,"minecraft:iron_block":1,"minecraft:gold_ingot":2,"minecraft:oak_sapling":15,"minecraft:coal":50,"iceandfire:raw_silver":1,"minecraft:cobblestone":14},"minecraft:used":{"minecraft:stone_pickaxe":68,"minecraft:wooden_pickaxe":8,"minecraft:iron_sword":30,"minecraft:torch":15,"minecraft:crafting_table":2,"minecraft:apple":1,"luminousworld:blueberry":2,"minecraft:bread":1,"minecraft:iron_boots":1,"minecraft:stone_axe":78,"minecraft:golden_sword":26,"minecraft:golden_carrot":3,"minecraft:oak_boat":1},"minecraft:mined":{"minecraft:podzol":2,"minecraft:white_bed":1,"iceandfire:silver_ore":1,"minecraft:mossy_cobblestone":1,"luminousworld:blueberrybush":1,"minecraft:jungle_leaves":3,"luminousworld:mossbuds_1":1,"minecraft:crafting_table":1,"minecraft:torch":2,"minecraft:grass_block":1,"minecraft:chest":1,"iceandfire:lectern":1,"minecraft:coal_block":9,"minecraft:copper_ore":10,"minecraft:spruce_leaves":5,"minecraft:wall_torch":1,"minecraft:large_fern":3,"minecraft:furnace":4,"minecraft:iron_ore":1,"minecraft:fire":3,"minecraft:grass":1,"minecraft:oak_log":68,"minecraft:coal_ore":29,"minecraft:iron_bars":5,"minecraft:dirt":1,"minecraft:cobweb":30,"minecraft:stone":14,"minecraft:iron_block":1,"minecraft:oak_leaves":4,"minecraft:fern":1},"minecraft:dropped":{"minecraft:wheat_seeds":1,"minecraft:oak_log":15,"minecraft:stone_sword":1,"minecraft:cobblestone":6,"minecraft:iron_boots":1,"minecraft:stone_button":2,"minecraft:leather_boots":1,"minecraft:wooden_pickaxe":1},"minecraft:custom":{"minecraft:interact_with_furnace":3,"minecraft:mob_kills":5,"minecraft:interact_with_crafting_table":5,"minecraft:leave_game":1,"minecraft:time_since_death":37136,"minecraft:sleep_in_bed":2,"minecraft:climb_one_cm":1517,"minecraft:time_since_rest":10159,"minecraft:sprint_one_cm":149781,"minecraft:damage_taken":263,"minecraft:walk_one_cm":67513,"minecraft:drop":8,"minecraft:damage_dealt":965,"minecraft:swim_one_cm":5554,"minecraft:fly_one_cm":305001,"minecraft:open_chest":12,"tombstone:undead_killed":1,"minecraft:play_time":37136,"minecraft:sneak_time":342,"minecraft:walk_under_water_one_cm":791,"minecraft:boat_one_cm":105570,"minecraft:jump":472,"minecraft:walk_on_water_one_cm":2885,"minecraft:total_world_time":37136,"minecraft:fall_one_cm":11673},"minecraft:crafted":{"minecraft:oak_planks":20,"minecraft:crafting_table":1,"minecraft:wooden_pickaxe":1,"minecraft:stone_axe":1,"minecraft:oak_boat":1,"minecraft:iron_chestplate":1,"minecraft:stick":8,"minecraft:iron_ingot":9,"minecraft:stone_pickaxe":1,"minecraft:stone_sword":1,"minecraft:gold_ingot":2,"minecraft:torch":40},"minecraft:killed":{"born_in_chaos_v1:barrel_zombie":1,"minecraft:pig":4}},"DataVersion":3465}