{"stats":{"minecraft:picked_up":{"minecraft:raw_iron":1,"minecraft:stick":9,"minecraft:crafting_table":1,"minecraft:golden_carrot":8,"minecraft:leather":2,"minecraft:torch":4,"minecraft:porkchop":14,"minecraft:flint":3,"minecraft:oak_log":63,"aether:golden_gloves":1,"minecraft:golden_sword":1,"minecraft:dirt":3,"minecraft:raw_copper":34,"minecraft:item_frame":1,"minecraft:apple":2,"minecraft:gold_nugget":20,"luminousworld:blueberry":22,"minecraft:iron_nugget":10,"minecraft:oak_sapling":15,"minecraft:chest":1,"minecraft:coal":29,"iceandfire:raw_silver":1,"minecraft:cobblestone":14},"minecraft:used":{"minecraft:apple":1,"luminousworld:blueberry":2,"minecraft:stone_pickaxe":49,"minecraft:wooden_pickaxe":8,"minecraft:iron_boots":1,"minecraft:torch":14,"minecraft:stone_axe":66,"minecraft:golden_sword":19,"minecraft:golden_carrot":1,"minecraft:crafting_table":2,"minecraft:oak_boat":1},"minecraft:mined":{"minecraft:large_fern":3,"minecraft:podzol":2,"iceandfire:silver_ore":1,"minecraft:mossy_cobblestone":1,"minecraft:iron_ore":1,"luminousworld:blueberrybush":1,"luminousworld:mossbuds_1":1,"minecraft:torch":2,"minecraft:crafting_table":1,"minecraft:grass":1,"minecraft:coal_ore":29,"minecraft:grass_block":1,"minecraft:oak_log":66,"minecraft:chest":1,"minecraft:dirt":1,"minecraft:copper_ore":10,"minecraft:spruce_leaves":5,"minecraft:stone":14,"minecraft:oak_leaves":4,"minecraft:wall_torch":1,"minecraft:fern":1},"minecraft:dropped":{"minecraft:wooden_pickaxe":1},"minecraft:custom":{"minecraft:time_since_rest":25136,"minecraft:sprint_one_cm":88022,"minecraft:damage_taken":80,"minecraft:walk_one_cm":38944,"minecraft:mob_kills":4,"minecraft:drop":1,"minecraft:damage_dealt":402,"minecraft:swim_one_cm":5554,"minecraft:interact_with_crafting_table":3,"minecraft:fly_one_cm":271556,"minecraft:open_chest":3,"minecraft:play_time":25136,"minecraft:sneak_time":342,"minecraft:walk_under_water_one_cm":791,"minecraft:boat_one_cm":105570,"minecraft:jump":332,"minecraft:leave_game":1,"minecraft:walk_on_water_one_cm":2885,"minecraft:time_since_death":25136,"minecraft:total_world_time":25136,"minecraft:climb_one_cm":688,"minecraft:fall_one_cm":6012},"minecraft:crafted":{"minecraft:oak_boat":1,"minecraft:oak_planks":20,"minecraft:crafting_table":1,"minecraft:stick":8,"minecraft:wooden_pickaxe":1,"minecraft:stone_pickaxe":1,"minecraft:stone_sword":1,"minecraft:gold_ingot":2,"minecraft:torch":40,"minecraft:stone_axe":1},"minecraft:killed":{"minecraft:pig":4}},"DataVersion":3465}