{"stats":{"minecraft:broken":{"mowziesmobs:umvuthana_mask_fear":1,"aether:golden_gloves":1,"minecraft:golden_sword":1,"minecraft:iron_sword":1},"minecraft:picked_up":{"minecraft:crafting_table":1,"minecraft:wheat":1,"minecraft:allium":2,"minecraft:clay_ball":3,"minecraft:leather_leggings":2,"minecraft:gold_block":1,"minecraft:enchanted_book":1,"minecraft:golden_sword":1,"minecraft:string":31,"minecraft:raw_copper":41,"minecraft:red_nether_bricks":1,"minecraft:item_frame":3,"minecraft:cyan_carpet":1,"minecraft:beetroot":1,"minecraft:gold_nugget":20,"minecraft:beef":1,"minecraft:rose_bush":1,"minecraft:calcite":5,"quark:black_shard":5,"minecraft:iron_nugget":20,"minecraft:poppy":2,"minecraft:iron_pickaxe":1,"minecraft:coal_block":9,"minecraft:chest":1,"minecraft:furnace":5,"minecraft:stick":9,"minecraft:raw_iron":13,"minecraft:stripped_mangrove_wood":7,"minecraft:torch":16,"minecraft:spruce_stairs":2,"minecraft:porkchop":16,"minecraft:stone_button":2,"aether:golden_gloves":1,"iceandfire:deathworm_chitin_white":4,"iceandfire:deathworm_egg_giant":1,"minecraft:rabbit_foot":3,"minecraft:stone_pressure_plate":3,"minecraft:dark_oak_planks":1,"minecraft:arrow":3,"minecraft:rotten_flesh":21,"minecraft:beetroot_seeds":3,"minecraft:hay_block":23,"minecraft:iron_block":1,"minecraft:glistering_melon_slice":1,"minecraft:gold_ingot":2,"alexsmobs:kangaroo_meat":2,"minecraft:cobblestone":20,"born_in_chaos_v1:corpse_maggot":2,"luminousworld:savannah_ground":1,"minecraft:leather_chestplate":1,"minecraft:feather":2,"minecraft:golden_carrot":8,"minecraft:cut_sandstone":3,"minecraft:leather":15,"minecraft:potato":90,"minecraft:flint":3,"minecraft:oak_log":66,"minecraft:waxed_copper_block":2,"minecraft:map":1,"tombstone:gift":1,"minecraft:dirt":11,"minecraft:lantern":4,"minecraft:red_nether_brick_stairs":1,"undead_revamp2:blacpetalblock":1,"minecraft:apple":2,"minecraft:gray_carpet":5,"minecraft:bow":1,"minecraft:wheat_seeds":3,"minecraft:rabbit_hide":6,"minecraft:iron_ingot":7,"luminousworld:elephant_grass":2,"tombstone:bag_of_seeds":2,"luminousworld:white_petunias":1,"minecraft:iron_sword":2,"minecraft:oak_planks":1,"minecraft:scaffolding":30,"minecraft:book":18,"minecraft:cooked_porkchop":1,"luminousworld:creepberries":14,"minecraft:sand":6,"minecraft:amethyst_shard":1,"minecraft:blast_furnace":1,"minecraft:ink_sac":4,"minecraft:white_bed":1,"minecraft:nether_brick_slab":2,"minecraft:chiseled_sandstone":1,"minecraft:blue_terracotta":1,"iceandfire:lectern":1,"luminousworld:blueberry":22,"mowziesmobs:umvuthana_mask_fear":1,"minecraft:oak_sapling":15,"minecraft:netherrack":3,"minecraft:coal":117,"iceandfire:raw_silver":3,"minecraft:ender_pearl":1},"minecraft:used":{"minecraft:iron_sword":275,"minecraft:netherrack":3,"minecraft:torch":130,"minecraft:dirt":8,"minecraft:dark_oak_planks":1,"luminousworld:blueberry":2,"minecraft:iron_boots":1,"minecraft:golden_sword":34,"minecraft:bow":5,"minecraft:golden_carrot":8,"minecraft:furnace":2,"tombstone:gift":3,"minecraft:diamond_boots":1,"minecraft:mangrove_planks":8,"minecraft:oak_planks":60,"minecraft:stone_pickaxe":98,"minecraft:ender_pearl":2,"minecraft:wooden_pickaxe":8,"minecraft:sand":3,"minecraft:crafting_table":4,"minecraft:book":1,"luminousworld:creepberries":1,"tombstone:bag_of_seeds":1,"minecraft:apple":16,"minecraft:bread":27,"minecraft:iron_pickaxe":55,"minecraft:map":1,"tombstone:grave_key":1,"minecraft:stone_axe":101,"minecraft:cobblestone":3,"minecraft:cooked_porkchop":14,"minecraft:pumpkin_pie":3,"minecraft:oak_boat":1},"minecraft:mined":{"luminousworld:white_petunias":1,"minecraft:dark_oak_planks":1,"minecraft:yellow_terracotta":1,"minecraft:white_bed":1,"iceandfire:silver_ore":3,"minecraft:mossy_cobblestone":1,"minecraft:jungle_leaves":5,"minecraft:red_nether_bricks":2,"luminousworld:mossbuds_1":1,"minecraft:grass_block":3,"iceandfire:lectern":1,"luminousworld:grassvariant_2":2,"minecraft:coal_block":9,"minecraft:spruce_leaves":5,"minecraft:sandstone":3,"minecraft:large_fern":3,"minecraft:hay_block":23,"minecraft:tall_seagrass":1,"minecraft:furnace":6,"minecraft:red_nether_brick_stairs":1,"minecraft:iron_ore":13,"minecraft:fire":4,"minecraft:chiseled_sandstone":1,"minecraft:gold_block":2,"minecraft:potatoes":23,"minecraft:bookshelf":6,"minecraft:iron_bars":5,"minecraft:smooth_sandstone_stairs":3,"minecraft:stripped_mangrove_wood":8,"minecraft:stone":18,"minecraft:iron_block":1,"luminousworld:creepbush":14,"minecraft:podzol":2,"minecraft:cut_sandstone":5,"minecraft:scaffolding":2,"minecraft:glass_pane":1,"luminousworld:blueberrybush":1,"minecraft:crafting_table":1,"minecraft:torch":2,"minecraft:blast_furnace":1,"minecraft:calcite":5,"minecraft:chest":1,"minecraft:nether_brick_slab":2,"minecraft:copper_ore":12,"minecraft:tall_grass":1,"minecraft:cobblestone":2,"minecraft:wall_torch":1,"minecraft:spruce_stairs":3,"minecraft:purple_bed":2,"minecraft:blue_terracotta":1,"minecraft:birch_leaves":1,"minecraft:waxed_copper_block":2,"minecraft:grass":8,"minecraft:coal_ore":31,"minecraft:oak_log":70,"minecraft:beetroots":1,"minecraft:dirt":7,"minecraft:sand":5,"luminousworld:grassvariant_3":1,"minecraft:cobweb":31,"minecraft:netherrack":3,"luminousworld:elephant_grass":2,"minecraft:oak_leaves":8,"minecraft:fern":3,"luminousworld:savannah_ground":1},"minecraft:custom":{"minecraft:mob_kills":50,"minecraft:interact_with_crafting_table":8,"minecraft:open_barrel":13,"minecraft:damage_dealt_resisted":20,"minecraft:eat_cake_slice":2,"minecraft:leave_game":5,"minecraft:time_since_death":45236,"minecraft:climb_one_cm":6010,"minecraft:sprint_one_cm":598547,"minecraft:walk_one_cm":276869,"minecraft:drop":67,"minecraft:target_hit":1,"minecraft:play_time":140149,"minecraft:deaths":5,"minecraft:sneak_time":6322,"minecraft:walk_under_water_one_cm":11374,"minecraft:boat_one_cm":105570,"minecraft:jump":2788,"minecraft:walk_on_water_one_cm":12329,"minecraft:total_world_time":140149,"minecraft:interact_with_furnace":25,"minecraft:sleep_in_bed":6,"minecraft:time_since_rest":19504,"minecraft:damage_taken":4463,"minecraft:trigger_trapped_chest":1,"minecraft:damage_dealt":10759,"minecraft:swim_one_cm":61423,"minecraft:fly_one_cm":871160,"minecraft:player_kills":1,"minecraft:open_chest":62,"minecraft:crouch_one_cm":17126,"tombstone:undead_killed":16,"minecraft:fall_one_cm":82537},"minecraft:dropped":{"minecraft:bread":38,"iceandfire:raw_silver":1,"minecraft:stripped_mangrove_wood":5,"minecraft:wheat_seeds":3,"minecraft:oak_log":15,"endermanoverhaul:ancient_pearl":1,"minecraft:pitcher_pod":3,"minecraft:feather":2,"minecraft:cobblestone":9,"minecraft:lantern":1,"minecraft:apple":5,"minecraft:spruce_stairs":2,"minecraft:coal":3,"minecraft:dirt":3,"tombstone:bag_of_seeds":1,"minecraft:stone_button":2,"minecraft:ink_sac":4,"luminousworld:savannah_ground":1,"minecraft:rose_bush":1,"tombstone:grave_dust":2,"minecraft:gold_nugget":2,"minecraft:pumpkin_pie":1,"minecraft:amethyst_shard":1,"minecraft:glistering_melon_slice":1,"minecraft:gray_carpet":5,"minecraft:cyan_carpet":1,"minecraft:dandelion":1,"quark:black_shard":5,"minecraft:nether_brick_slab":2,"minecraft:stone_axe":1,"minecraft:iron_nugget":10,"minecraft:stone_sword":1,"minecraft:wheat":2,"minecraft:beetroot":1,"minecraft:rotten_flesh":13,"minecraft:clay_ball":3,"minecraft:oak_planks":1,"minecraft:iron_boots":2,"minecraft:pumpkin_seeds":1,"minecraft:red_nether_brick_stairs":1,"minecraft:filled_map":1,"minecraft:poppy":2,"minecraft:leather_chestplate":1,"supplementaries:flax_seeds":3,"supplementaries:ash":1,"minecraft:allium":2,"minecraft:leather_boots":1,"iceandfire:deathworm_chitin_white":4,"minecraft:leather_leggings":1,"minecraft:stone_pressure_plate":3,"minecraft:red_nether_bricks":1,"luminousworld:elephant_grass":2,"minecraft:stone_pickaxe":1,"minecraft:beef":1,"minecraft:wooden_pickaxe":1,"minecraft:calcite":5},"minecraft:crafted":{"minecraft:oak_planks":88,"sophisticatedbackpacks:copper_backpack":1,"tombstone:grave_key":2,"minecraft:stone_pickaxe":1,"minecraft:wheat":207,"sophisticatedbackpacks:backpack":1,"minecraft:cooked_porkchop":13,"minecraft:crafting_table":3,"minecraft:wooden_pickaxe":1,"minecraft:copper_ingot":18,"minecraft:mangrove_planks":8,"minecraft:stone_axe":1,"minecraft:bread":81,"minecraft:air":0,"minecraft:oak_boat":1,"minecraft:iron_chestplate":1,"minecraft:stick":40,"minecraft:iron_ingot":9,"minecraft:stone_sword":1,"minecraft:gold_ingot":2,"minecraft:torch":168},"minecraft:killed":{"earthmobsmod:jumbo_rabbit":3,"born_in_chaos_v1:maggot":3,"minecraft:skeleton":1,"minecraft:horse":5,"luminousworld:ringlet":1,"takesapillage:clay_golem":1,"alexsmobs:kangaroo":1,"mowziesmobs:umvuthana":4,"earthmobsmod:albino_cow":1,"born_in_chaos_v1:barrel_zombie":1,"minecraft:husk":13,"minecraft:pig":6,"luminousworld:hollow":1,"enemyexpansion:botfly":6},"minecraft:killed_by":{"minecraft:husk":2,"iceandfire:ghost":1,"iceandfire:fire_dragon":1}},"DataVersion":3465}